#{"t_start": 1745268640.3943424, "env_id": null}
r,l,t--0.000816,834,29.28267--0.001234,834,35.813674-1--0.001015,834,41.6440.0001.2e-05,834,49.389735.5e--0.00119,834,55.766-0.0000.00027,834,61.19473-0.00.-0.000188,834,66.767-0.-0.0.000216,834,71.9257-0.-0.000172,834,76.9007410.00.001195,834,81.949736-710.000815,834,86.817740.000.000289,834,93.890733.25-0.000569,834,98.83670.00-0.000269,834,103.68170.0000.000246,834,108.5637-0.00-0.000267,834,113.503-0.0003.269689,834,118.41170.0000.000324,834,123.6337-0.000163,834,128.75473
0.00030.000255,834,133.6990.000264,834,138.526726
0.001-0.000845,834,143.523-0.00-0.000563,834,148.40370.000885,834,155.65373
-0-0.00.001105,834,160.7827-0-00.000118,834,176.2445310.0.-0.000922,834,181.3575-0.00.000201,834,186.4015320.0-0.001162,834,191.363531.90-0.000243,834,196.31750.00.-0.000801,834,201.24-0.0-0.-0.000475,834,206.02-0.0-0.001086,834,211.064530.0--0.-0.000654,834,215.90.00-0.000332,834,220.92250.001-0.000852,834,227.480.001490.00.000377,834,232-5.7e-05,834,237.580532
-0.000-0.00086,834,242.54650.000--0.000162,834,247.41-0.000-0-0.000858,834,252.0.000951,834,257.177535
-0.000491.032096,834,262.15-0.000-00.532131,834,267.000.000394,834,271.952533
0.00120.-0.000705,834,276.0.000343,834,281.826529
5.2e-05,834,288.415532
-8.5e--0.000832,834,293.730.00055-0.000213,834,298.60.00043,5.3e-05,834,303.7-0.002659,834,308.662531
-0.001369,834,313.639532
-0.000-0.001055,834,318.5410.0015-0.000349,834,323.47-0.0007-0.00-0.000396,834,30.00019-0.001635,834,333.2-0.000924,834-0.000216,834-0.000451,834,343.079532
-0.00050.000132,834,349.627-0.000-0.0.002116,834,354.7-0.0010.000415,834,359.7795-0.00-0.001023,834,364.8025-0.00-0-0.001232,834,369.82-0.0-6.4e-05,834,374.782532-0.00203,834,3-0.001872,83-0-0.000269,834,384.737535-0-0.000152,834,389.920533-00-0.000649,834,395.582533-0.001034,834,402.166533
---0.000642,834,409.373528---0.002299,834,420.0895310-0.001192,834,425.2755327.-0.001021,834,430.288530.00-0.000569,834,435.5595-0.0-0.000254,834,440.47353-0.00.000673,834,445.465532-0.--0.0013,834,450.389532-00.001533,8334,455.266531-0.0.000137,834,460.2045340.02.487461,834,465.1715330.00.000641,834,470.0555350.-0.000412,834,475.112538-0.00-0.000428,834,481.7825-00.687957,834,486.8085310.0-0.001388,834,491.788530.000.659539,834,496.85753-0.00.000492,834,501.886530.--0.001452,834,506.88953-0.0-0.000888,834,512.825530.1-0.0021,834,518.725529---0.000975,834,524.676532-0.001199,834,529.918533
-0-0-0.001528,834,535.41353--0.000982,834,541.4105367--0.0015,834,548.551537-0.000683,834,554.133532
-0.00-0.001624,834,559.1975-0.000369,834,566.356532.930097,834,571.517552
0.000-0.001917,834,576.6434.1-0.-0.000649,834,581.58-0.00.000723,834,586.487697-0.-0.001319,834,591.370802-0.-0.00.170546,834,596.474-0.001595,834,601.371249
0.-0.001167,834,606.292286-0.-0.000302,834,612.818401-0.-0.-0.000284,834,617.900-0-0.000923,834,622.9149030.-0.0-0.001532,834,627.85e-05-0.-0.000315,834,6-0.002079.7e-05,834,637.656-0.000-0.001-0.000565,834,60.0248-0.0000.00057,834,642.820371,834,652.736212
-0.0011-0.003003,834,657.96-0.001647,834,663.173045
-0.001-0.000998,834,668.218-0.002-0.002004,834,692.233-0.001118,0.010663,834,697.-0.001153,834,702.557459
-0.00032-0.001442,834,707.95.2e--0.001786,834,713.03-0.0006-0-0.000207,834,718-0.00138-0-0.000884,834,723-0.00243-0-0.001391,834,728-0.000940.-0.001297,834,734-0.000764,834-0.000986,834,-0.001587,0.04.6e-05,834,74-0.001-2.6e-05,834,750.098-0.0000.001056,834,756.9573-0.001982,834,762.06883
-0.001447-0.00132,834,767.2-0.00-0.001682,834,772.4671-0.-0-0.-0.001937,834,777.7-0.001519,834,783.023108
-0.0-0.0-0.002251,834,788.-0.0-0.001068,834,793.35938-0.00.00-0.000255,834,798.4-0.001596,834,803.595732
-0.00162-0.001072,834,808.80.0056180.329501,834,813.9-0.---0.00011,834,820.82924-0.-4.638477,834,825.872246-0.-0.001533,834,830.9445-0.-0-0.004426,834,836.1161-0.-0.001735,834,841.184362-0.--0.002037,834,846.17082-0.001-0.001612,834,851.277-0.002-0.001611,834,856.434-0--0.003463,834,861.443763-0.-0.003548,834,866.49844--0.-0.000602466,834,871.53-0-0.001246,834,876.584775-0.0018-0.000959,834,883.41-0-0.002493,834,888.856566-0.0034-0.000935,834,893.98-0.001706,834,899.119878
--0.004248,834,904.292497-0.001189,834,909.267995
-0.001-0.001598,834,914.345--0.000977,834,919.444237-0.003396,834,924.595866
-0.001544,834,929.604037-0-4.199426,834,934.639599-0-0.003103,834,939.820055--0-0.002953,834,946.689246--0-0.001603,834,951.91034--0.002445,834,957.159497--0.-0.002057,834,962.70250-0-0-0.00-0.001287,834,967.-0.0-0.003324,834,973.06871-0-0.0029-0.001249,834,978.-0.0-0.002627,834,983.27678-0-0-0.003466,834,988.3646-0.-0-0.001373,834,993.4117-0.002375,834,998.510034
-0.00-0.003357,834,1003.6488-0.002798-0.003674,834,1010.-0.00-0.001892,834,1015.6809-0.00251-0.000961,834,102
-0.004.474724,834,1026.3900-0-0.-0.001797,834,1031.5770-0-0.-0.0-0.00186,834,1036.-0.0010.219246,834,1042.0814-0.002244,834,1047.345739
-0.003711,834,1052.486708
-0.00-0.00128,834,1057.6926-0-0.002318,834,1062.911094-0.00-0.000938,834,1068.103--0.00301,834,1075.037266
-0.-0-0.002285,834,1080.0992-0-0.002151,834,1085.110422-0-0.001509,834,1090.055972-0.001473,834,1095.013899
-0.001952,834,1100.170124
-0.0-0.003844,834,1105.2877-0.001995,834,1110.287854
-0.-0.003665,834,1115.306901--0-0.001769,834,1120.40709-0.003241,834,1125.452409
-0-0.002702,834,1130.540157--0.001817,834,1137.397344-0-0-0.002863,834,1142.42890-0.00-0.003217,834,1147.4407-0-0-0.001344,834,1152.4054-0.00-0.001991,834,1157.334-0.-0.002726,834,1162.473595-0.--0-0.001587,834,1167.53-0.-0.0-0.001248,834,1172.39-0.-0.0-4.398567,834,1177.41-0.-0.003634,834,1182.386736-0.-0.001151,834,1187.386366-0.-0.05.403159,834,1192.479-0-0.00-0.003435,834,1199.12-0-0.0--0.003145,834,1204.06-0-0.0-0.002171,834,1209.019-0-0.0-0.003326,834,1213.988--0.00263,834,1218.957753
-0.002537,834,1224.03169
--0.-0.003702,834,1228.9476-0.002115,834,1233.797368
-0.003193,834,1238.735323
--0.2.631366,834,1243.664679-0.-0.003473,834,1248.67229-0.001602,834,1253.670345
-0.0-0.002107,834,1260.3191-0.0-0.002042,834,1265.4880-0.003-0.001536,834,1270.40-0--0-0.003691,834,1275.2698-0.00288,834,1280.189503
-0.002349,834,1285.119386
-0.002645,834,1290.033576
-0.002-0.002099,834,1295.5070.811249,834,1300.49606
-0.003723,834,1305.585531
-0.001-0.002088,834,1310.548-0.0020.000282,834,1315.8564-0-0.002668,834,1340.785218-0.-0-0.002123,834,1345.751-0--0.001489,834,1350.926875-0.002549,834,1355.879433
-0.00206,834,1360.793811
-0.0-0.001325,834,1365.69318-0.002777,834,1370.670514
-0.0-0.002954,834,1375.62673-0.002109,834,1380.546089
-0.002853,834,1385.654982
4.054541,834,1390.600916
-0.002499,834,1395.453217
-0.0--0.002,834,1401.971115-0-0-0.001702,834,1406.8376-0.-0.003003,834,1411.754065-0.0.289463,834,1416.653119-0.-0.00213,834,1421.551592-0.002-0.001855,834,1426.509-0.0-0.002002,834,1431.41629-0.002548,834,1436.588135
-00.61219,834,1441.855583
-0.001893,834,1446.708393
-0.00186,834,1451.529402
-0.001692,834,1456.442671
-0.001-0.001849,834,1465.--0.001904,834,1470.368754--0.001958,834,1475.257558-0.-0.003229,834,1480.584242-0.001749,834,1485.515575
-0.-0.00169-0.002376,834,149-0.-0.002845,834,1495.365697-0.-0.001869,834,1500.280527-0.-0.00194-0.002157,834,150-0.-0.00155-0.003851,834,151-0.002879,834,1515.078732
-0.002356,834,1520.055382
-0.-0.00181-0.001671,834,152-0.-0.0-0.002503,834,1531.5-0.001923,834,1536.423986
-0.-0.0016-0.00354,834,1541.-0.001462,834,1546.227749
-0.00153,-0.00168,834,1551-0.-0.001184,834,1556.226946-0.001941,834,1561.194076
-0.002473,834,1566.26551
-0.002914,834,1571.186721
-0.001863,834,1576.099409
-0.-0.002309,834,1580.996156-0.-0.002-0.002583,834,1587.-0.-0.001984,834,1592.632552-0.-0.001545,834,1597.605464-0.00-0.-0.002055,834,1602.4-0.-0.001986,834,1607.444493-0.-0.001787,834,1612.4140540.68762-0.001739,834,1617.3-0.00146,-0.001526,834,1622-0.002896,834,1627.414861
-0.00-0.00188,834,1632.54994-0.00175,834,1637.564085
-0.001727,834,1642.443537
-0.00-0.0.509355,834,1649.01-0.00-0.001556,834,1653.9637-0.002313,834,1658.958354
-0.00-0.001-0.002076,834,166-0.0025-0.0-0.001873,834,16-0.00216,834-0.001812,834-0.002131,834-0.001515,834,1-0.002272,834,1683.622977
-0.001733,834,1688.520534
-0.00-0.00195,834,1693.41121-0.001691,834,1698.319077
-0.0-0.001969-0.001509,834,1-0.001-0.001724,834,1709.848-0.-0.002769,834,1714.70794-0.0-0.-0.001888,834,1719.57-0.001993,834,1724.416969
-0.0-0.001897,834,1729.25093-0.0-0.002226,834,1734.31445-0.002303,834,1739.26094
-0.0-0.002254,834,1744.20470-0.0-0.00238,834,1749.072192-0.001866,834,1753.918929
-0.-0.-0-0.00-0.002177,834,1-0.001541,834,1763.846553
-0.001-0-0.001512,834,1770.--0.001524,834,1775.250977-0.001795,834,1780.214348
-0.001993,834,1785.130348
-0.001924,834,1790.120484
-0.002-0-0.001903,834,1795.--0.00203-0.001577,834,1800.-0.001676,834,1805.292341
-0.00142,834,1810.308049
-0-0.002005,834,1815.297351-0.00154,834,1820.363091
-0.002044,834,1825.43312
-0.002256,834,1832.238639
-0-0.001717,834,-0.001668,83-0-0.001599,-0.00168,834,184-0.001993,834,1847.416648
-0.001833,834,1852.474559
-0.002212,834,1857.641896
-0.001419,8-0.001567,834,186-0.001706,834,1868.531507
--0.002101,-0.001886,834,18-0-0.001877,834,1878.833834-0.001893,834,1884.00726
-0.001324,834,1889.115349
-0.00226,834,1895.818522
-0.0018-0.002178,834,1900.8-0.002005,834,190-0.001632,8-0.002109,834,1910.997859
-0.002072,834,1916.075218
--0.001427,-0.002585,834,19-0.001702,834,1926.148639
-0.0014-0.001758,834,1931.09-0.002026,834,1936.073
-0.002027,834,1941.15736
-0.001908,834,1946.102784
0.012325,8-0.001887,834,195-0.00-0.001965,834,1972.6696-0.000.519248,834,-0.00233,8-0.0-0.001529,834-0.00214,83-0.0-0.001839,834,1987.80315-0.0-0.001803,834,1992.76443-0.001582,834,1997.81317
-0.00-0.001466,834,2002.7881-0.001668,834,20-0.002134,83-0.00-0.001935,8-0.001656,83-0.00-0.001992,834,2017.8030.239-0.001862,83-0.002231,-0.002-0.002001,834,2027.670-0.00248,834,2034.-0.001775-0.001-0.002156,834,2039.654-0.002-0.001534,834,2044.536-0.001-0.002084,834,2049.341-0.002-0.002113,834,2054.240-0.001-0.001576,83-0.002113,-0.002-0.001901,834,2063.999-0.001-0.001803,834,2069.023-0.002197,834,2073.829205
-0.002077,834,2078.72778
-0.002-0.002352,834,2083.616-0.001-0.00192,834,2088.499-0.002237,834,2095-0.00176,8-0.001549,834,210-0.002199,8-0.001559,834,2-0-0.002142,8-0.001835,834,210-0.001881,8-0.001583,834,2114.638623
-0.002-0.002095,8-0.001787,8-0.001771,834,2124.442653
-0.001489,834,2129.324658
-0.001-0.002029,834,2134.096-0.001-0.002114,834,2138.964-0.001549,834,2143.756178
-0.001825,834,2148.497386
-0.00-0.001766,834,2155.0356-0.00-0.001423,834,2159.91041.341-0.001851,83-0.002414,-0.0-0-0.00204,834,2169.7546-0.001714,834,2174.561082
-0.00-0.001864,834,2179.3959-0.00-0.002137,834,2184.19970.00-0.002125,834,2189.1843-0.001697,834,2194-0.001695,-0.002243,834,2199.210406
-0.001-0.00215-0.00243,834,2-0.0-0-0.002109,834,2208.896-0.002092,834,2215.463873
-0.001-0.001855,834,2220.251-0.002012,834,2225.191058
-0.001495,834,2229.964824
-0.001576,834,2234.692016
-0.001-0.001908,834,2239.432-0.001966,834,2244.213936
-0.001-0.000325,834,2249.157-0.001989,834,2253.901676
-0-0.0018-0.001995,834,2258.-0.002042,834,2263.323898
-0.001866,834,2268.269706
-0.002329-0.002097,834,2274-0.001739,834,2279.616193
-0-0.001563,834,2284.441865-0-0.001794,834,2289.303366-0-0.001821,834,2294.124185-0.00187,834,2298.-0.001762-0.0-0.001538,834,2303.76505-0.0-0.0-0.000608,834,2308.7-0.-0.002075,834,2313.517085-0.-0.001616,834,2318.30665-0.-0.001459,834,2323.019509-0.-0.001732,834,2327.731264-0.002257,834,2334.214902
-0.001963,834,2339.089948
-0.001979,834,2343-0.00171,8-0.001918,834,2348.652397--0.001855,834,2353.392976--0.001803,834,2358.152941--0.001711,834,2364.642371--0.001706,834,2369.397828-0.001731,834,2374.140692
--0.001762,834-0.001741,834,-0.001624,834,2383.641861
-0.001801,834-0.000441,834-0-0.001679,834,2395.35577-0.00164,834,24-0.001714,83-0.-0.001784,834,2404.93549--0.00204,834,2409.707017
-0.001812,834,2414.52587
-0.002317,834,2419-0.001781,-0.001872,834,2424.376377--0.00-0.001497,834-0.002243--0.00-0.001533,834,2434.002-0.001-0.001684,834-0.00165-0.00192,834,2443.625527
-0-0.001615,834,2448.41327-0-0.00-0.001711,834,2455.07-0-0.00-0.002166,834,2459.87-0-0.00-0.001772,834,2465.01-0-0.001856,834,2469-0.00185-0-0.00-0.00185,834,2474.668-0-0.0-0.001889,834,2479.394-0.001-0.00189,834,2-0.00179-0.00-0.002493,834,2489.008-0.001-0.001837,834,2493.815-0.001-0.001812,834,2498.6--0.001-0.000493,834,2503.65-0.0018-0.00177,834,25-0.000-0.002-0.002036,834,2515.43--0.001985,834,2520.828-0.00-0.002107,834,2525.830376
-0.00173,834,2530.775983
-0.0019-0.001849,834,2535.80-0.002432,834,2540.612477
-0.002016,834,2545.51104-0.0-0.0015-0.001808,834,2550.33-0.0020-0.001822,834,2555.09-0.001986,834,2559.894393
-0.001593,834,2564.74624
-0.001761,834,2569.591004-0.-0.001966,834,2593.00057-0-0.00182,834,2597.88311--0-0.001951,834,2602.757231-0.001738,-0.002083,834,2607-0.001862,834,2612.5297
-0.001667,834,2617.50807--0.001811,8-0.001662,834,262-0.001782,834,2627.241164
-0.001768,8-0.001966,834,2-0.002434,834-0.00176,834,26-0.002608,834,2641.942543
-0.001815,8-0.001976,834,264-0.-0.00205-0.001941,834,2-0-0.001958,8-0.001991,834,265-0.001695,-0.001805,834,2662-0.-0.0020-0.001595,834,266-0.00175,8-0.001701,834,26-0.00218,834,2677.589898
-0.002305,834-0.001926,834,2-0.002059,834-0.002094,834,2-0.00-0.001-0.002042,834,269-0.00205,834,-0.00196,834,2-0.001763,834-0.001653,834,2-0.002-0.00194,834,2706.977-0.001847,834,2713.521191
-0.001891,834,2718.45124
-0.002257,834,2723.341662
-0.000859,834,2728.458528
-0.00182,834,2733.348431
-0.001974,834-0.001038,834,2-0.001803,834,2743.144583
-0.00192,834,2748.073985
-0.00196,834,2752.963899
-0.001845,834,2757.910141
-0.001848,834,2763.174748
-0.002062,834,2768.088579
-0.001999,834,2-0.001614,83--0.001724,834,2-0.00195,834-0.002-0.001845-0.002015,834-0.001-0.001882-0.001853,83-0.000194,834,2-0.001859,834-0.001664,834,2800.558209--0.001933,834,2-0.001847,834-0.001779,834,2-0.000167,834-0.001-0.002027-0.001602,81-0.001906,834,2820.784725
-0.001615,834,28-0.001969,8-0.001954,834,283-0.001908,8-0.001848,834,28-0.00214,83--0.001884,834,2842.709422--0.001947,834,284-0.001633-0-0.001946,834,28-0.001894-0-0.001885,834,28-0.002357,83-0.001898,834,2862.56029
-0.002706,834,-0.-0.00181-0.-0.00-0.002148,83-0.002119,8-0.001795,834,2877.65017-0.-0.001653,834,-0.-0.0018-0.0-0.00-0.001829,83-0.001966,8-0.002001,834,289-0.0017-0.0-0.001961,834,2899.2281-0.00-0.0-0.002004,-0-0.0018-0.00-0.0-0.001833,-1-0.0020-0.00-0.0-0.002417,834,2914.31135-0.001962,834,2-0.002013,834-0.002754,834,2-0.001931,834-0.0-0.001924,8-0.001938,834-0.002929,834,2-0.0016-0.001-0.002141,834,2-0.001976,834-0.002759,834,2-0.0016-0.002-0.001879,834,-0.001878,834,-0.-0.002044,8-0.00202,834,2-0.001862,834,2960.673287
-0.001769,834,2965.78-0.0003-0.001811,83-0.001974,834,29-0.-0.001917,834,2975-0.002-0.0-0.000116,834,2980.65736-0.001891,834,2985.657-0.001-0.000319,834,2990.90074
-0.001766,834,2996.166094
-0.001926,834,3001.3222-0.0-0.001917,834,3006.49-0.0005-3.6e-05,83-0-0.001747,834,-0.0-0.000728,834,3016.93272-2.4e-05,834,3-0.001867,83-0.001914,834,30-0.001816,83-0.001968,834-0.-0.000386,83-0.000315,834,3-0.001928,834-0.002021,834,3044.22383
0.138543,834,304-0.002289,8-0.000462,834,305-0.001652,8--0.001855,834,30-0.001895,8-0.001979,8-0.000-0.00189,83-0.001788,834,30-0.000333,83-0.001811,-0.002-0.001-0.000-0.000266,834,3080.477845
-0.001467,834,3087.519144
--0.001752-0.001-0.001143,83-0.00088,834,3098.081601
-0.002129,834,310-0.00185,83-0.000936,834,31-0.001-0.0002e-06,834,-0.001-0.000-0-0.000999,834,-0.002-0.00182-0.000327,834,3124.192195
-0.002825,834,3129.566325
-0.002-0.000786,834,3134.72-0.001932,834,3139.8934
-0.00235,-0.001814,834-0.-0-0.00195,8-0.000235,834-0.--0.001931,8-0.000385,834-0.--0.000587,834,3162.16038-0-0-9.1e-05,834,3167.293273-0--0.002014,83-0.00191-0.00080-0.002525,83-0.00191,834,-0--0.00194,834,3183.137219-0-0.000101,834,3188-0.00194-0-0.000487,834,3193.482075-0-0.000142,83-0.000333,834,-0-0.001967,834,3203.946687-0-0.001705,834,320-0.001676-0-0.001954,83-0.000348,834,-0-0.001999,834,3238.504681
-0.001992,83-0.001865,834-0.-0.001869,834,3248.936409
-0.002568,834,3254.10737-0.0-0.001904,83-0.001762,834,32-0.000127,8-0.002727,834,32-0.002473,834,3271.68939-0.0-0.00185,8-0.001899,834,-0.-0.001994,834,3282.196297
-0.001894,834,3287.431082
-0.00182,834,3292.682037
-0.001946,834,3299.839727-0-0.001826,834,3305.152397
-0.001945,834,3310.355983-0-0.001816,8-0.002007,834,3-0-0.002018,8-0.002177,834,332-0.00191,834,3326.091639
-0.001958,83-0.002049,834,33-0.001923,834,3336.459295
-0.001807,834,3341.630939
-0.00188,834,3346.834173
-0.001893,834--0.001868,83-0-0.00212,834,3357.623236
-0.001918,834,3364.652668
-0.001423,834,-0.00205,834-0-0.000285,834,3375.577782
-0.001896,834,3381.133323-0-0.002532,834,3386.403865
-0.001869-0.001994,834,3392.-0.001983,834,3398.443751
-0.002111-0.001193,834,3407.-0.00196,-0.001883,834,3416-0.00212,834,3422.18159
-0.001887,83-0.001-0.002029,-0.00184,834-0.001956,834,3-0.001893,834,3440.369265
-0.002584,834-0.001886,834,3-0.001783,834,3451-0.002323,-0.00179,834-0.001-0.002002-0.002041,834,3462.155456
-0.001857,834,3467.420648
-0.002041,834,3472.600808
-0.001804,834,3477.897246
-0.001868,834,3483.-0.001946-0.001979,834-0.001968,834,3-0.002049,834-0.001821,834,3-0.002009,834-0.0-0.001976,8-0.001832,834,3506.0911
-0.001922,834,3511.528599
-0.002007,834,3516.965758
-0.00173,834,-0.001947,834,-0.00227,834,3527.747236
-0.001948,834,3533.2-0.00199-0.001948,834,3538.-0.001761-0.00198,834,35-0.002046,835.2e-05,834,3549.6057
-0.002207,834,3555.011254
-0.001992,834,3560.6047-0.00-0.001937,834,3566.05408
-0.001278,834,3573.10942-0.0-0.002017,834,3578.611598
-0.001865,834,3584.705965
-0.001544,834,3590.159136
-0.002019,834,3595.7455-0.00-0.001919,834,3-0.001839,834-0.002259,834,3-0.002012,834-0.001793,834,3612.143654
-0.001891,834,3617.59613
-0.001929,834,3623.01772
-0.001887,834,3-0.001824,834-0.002629,834,3634.072-0.0-0.001949,834,3-0.001794,834-0.00191,834,3646.523714
-0.001808,834,36-0.002484,83-0.001471,834,36-0.001-0.001-0.001847,834,36-0.002-0.001-0.001906,834,3668.426882
-0.00186,834,367-0.001885,8-0.002009,834,3679.038887
-0.002459,834,368-0.002507,8-0.00196,834,3690.26735
-0.001852,834,3695-0.00-0.00-0.001949,834,3700-0.00183-0.001972,834,3707-0.001951,-0.001998,834,3713-0.001973,-0.001916,834,3718-0.001989,-0.001942,834,3723-0.001873,-0.001958,834,3729.21-0.0019-0.002052,834,3734.9-0.0022--0.001908,834,374-0.001813,-0.001921,834,3746.137276
-0.001805,834,375-0.001982,8-0.002142,834,3757.224293--0.002196,834,3762.967649-0-0.002043,834,3768.311228
-0.00194,834,3775.510074--0.002019,834,3780.947124
-0.001958,834,3786.399715
-0.001955,834,3791.697524--0.001871,834,3797.079504
-0.001987,834,3802.322972
-0.002183,834,3808.182112
-0.001971,834,3813-0.001992,-0.00222,834,3818.-0.001899-0.001959,834,3824.102505
-0.00122,834,3829.744434
-0.001926,834,3835.316104
-0.001907,834,3843.-0.00202,-0.001951,834,3848-0.001-0.-0.00146,834,3853.810374-0.-0.000501,834,3859.216071
-0.002475,834,3864.715378--0.001954,834,3870.-0.00083--0.000751,834,3875.832389--0.001954,834,3881.207011--0.001118,834,3886.535673-0-0.000711,834,3893.-0.002-0.-0.000829,834,3899.885068
-0.001806,834,3905.37156-0.0-0.000595,834,3932.367542
-0.002018,834,3938.-0.0010-0-0.002134,834,3943.-0.000834-0.00188,834,3949.3-0.00103-0.000603,834,3954.973676--0.000476,834,3960.894091
-0.001884,834,3966.457652
-0.001203,834,3971.9-0.0-0.0-0.001129,834,3977.401539-0-0.001756,834,3983.718971
-0.001856,834,3989.37631-0.0-5.6e-05,834,3995.150415--0.001815,834,4003.194457
0.755459,834,4008.720743
-0.000198,834,4014.44-0.0007-0.000953,834,4020.0652
-0.000242,834,4025.5886
-0.000689,834,4031.4-0.00056-0.001971,834,4037.638115
-0.001246,834,4043.091715
-0.000827,834,4048.467123
-0.000854,834,4053.937361
-0.001039,834,4059.312654--0.000167,834,4065.-0.0002-0-0.000816,834,4072.556481-0-0.000868,834,4078.189658
-0.000781,834,4083.611633
-0.001855,834,4089.369814
-0.000418,834,409-0.000609,-0.000915,834,410-0.00036-0.-0.000534,834,4105.863231-0.-0.000491,834,4111.401814-0.-0.00195,834,4117.363165
-0.00116,834,4122.-0.00074--0.000509,834,4128.-0.00083--0.000357,834,4133.871083-0.-0.000704,834,4141-0.0008-0.-0.000289,834,4146.839315-0.-0.000169,834,4152.28507-0.0-0.000363,834,4157.909366
-0.000153,834,4165.383048
-0.000503,834,41-0.000416,83-0.000639,834,41-0.000-0.000-0.000556,834,41-0.001011,83-0.000862,834,41-0.000666,83-0.000883,834,4194.8-0.00193-0.000712,834,4200.516605
-0.001889,834,4-0.001859,834-0.000743,834,4-0.000672,834-0.000705,834,4-0.000744,834-0.000662,834,4224.744599
-0.00063,834,42-0.000755,83-0.000459,834,421.235644,834-0.000754,834,4241.252203
-0.001243,834,4247.627734
-0.00068,834,42--0.001074,8-0.000436,834,425-0.000431,8-0.002177,834,4265.356247
-0.000441,834,4270.778465
-0.000171,834,42-0.000361,83-0.001243,834,42-0.000638,83-0.00071,834,4288-0.00049,8-0.000492,834,4294.323556
-0.001057,834,4299.807758
-0.0005,834,430-0-0.000639-0.000777,834,4311.-0.00185-0.0013,834,4316.82428
-0.000426,834,4322.39498
-0.000308,834,4328.0-0.00039-0.000467,834,4334-0.001731,7.4e-05,834,4340.398937
-0.000537,834,4345.854321
-0.000464,834,4353.3--0.0010-0.000535,834,4358.9-0.00117-0.000352,834,4364.441241
-0.000235,834,4369.-0.001163-0.00089,834,4375.479873
-0.000407,834,4381.255824
-0.000636,834,4386.724092
-0.000752,834,4392.208202
-0.000193,834,4397.749437
-0.000646,834,4403.198323
-0.00153,834,4409.193196
-0.000583,834,4414-0.000945,1.271928,834,4421.-0.000818-0.000649,834,4427.065485
-0.000832,834,4432.642347
0.397513,834,4438.5-0.00073-0.000423,834,4444.0-0.00068-0.001358,834,4449.33-0.0006-0.000522,834,4454.6-0.0008-0.000485,834,4460.-0.001022-0.000636,834,4466.-0.001362-0.000326,834,4471.-0.000817-0.000322,834,4477.-0.000454-0.000571,834,4482.-0.00092,-0.001355,834,4489-0.001194,-0.000202,834,4495-0.001075,-0.000597,834,4500.768579
-0.00055,834,4506.-0.000437-0.001605,834,4511.-0.00056,-0.000283,834,4517.55-0.0022-0.000436,834,4523.151817
-0.000708,834,4528.526872
-0.000765,834,4533.952476
-0.000739,834,4539.342227
-0.000338,834,4544-0.000455-0.000654,834,4550.-0.000388-0.000416,834,4557.08918
-0.001697,834,4563.083905
-0.001683,834,4568.692822
-0.001248,834,4574.404512
-0.000487,834,4579.79564
-0.000442,834,4585.17783-0-0.001881,834,4590.554401
-0.00094,834,4595.930603
-0.000569,834,4601.321975
-0.00082,834,4606.-0.00078,-0.001776,834,4611.947078
-0.000869,834,4617-0.001406,-0.001921,834,4639.887201
-0.001828,834,4645.309163
-0.001934,834,4650.544707
-0.001504,834,4656.10043
-0.00155,834,4661.4-0.00166-0.001652,834,4666.-0.000995-0.001346,834,4672.-0.002214-0.001503,834,4677.0.376564,-0.001409,834,4683.400855
-0.00216,834,4688-0.001737,-0.00167,834,4694.211892
-0.002001,834,4699.704369--0.001532,834,470-0.00186,8-0.001623,834,47-0.002187,83-0.001882,834,4718.028295
-0.000888,834,4723.554096
-0.001229,834,4729.1-0.00151-0.001476,834,4734.625277
-0.002282,834,4740.28176
-0.00154,834,4745.718436
-0.001418,834,4751.269261
-0.000899,834,4756.70668
-0.002095,834,47-0.0-0.00085-0.001439,834,4767.8-0.0015-0.001065,834,477-0.000706,8-0.001589,834,47-0.001728,83-0.001932,834,47-0.002647,83-0.001006,834,47-0.001323,83-0.001538,834,47-0.001859,83-0.001804,834,4802.260474
-0.000762,834,4-0.001517,834-0.001383,834,4-0.001627,834-0.001928,834,4-0.001208,834-0.001678,834,4824.235723
-0.000697,834,4829.625309
-0.001708,834,4-0.001931,834-0.001585,834,4-0.001226,834-0.001816,834,4-0.0016,834,4-0.001692,834-0.001739,834,4-0.00192,834,4859.057494
-0.0019,834,4864.705585
-0.00171,834,4870.142963
-0.001842,834,487-0.001679,8-0.001691,834,488-0.001589,8-0.001644,834,488-0.000922,8-0.001926,834,4891.775004
-0.001822,834,4897.212502
-0.001906,834,4902.540242
-0.001688,834,4909.638465
-0.001132,834,491-0.0-0.00111.541766,834,4920.895985
-0.002023,834,492-0.000925,8-0.001642,834,493-0.001707,8-0.001392,834,4937.430648
-0.001038,834,4943.018329
-0.000997,834,494-0.000777,8-0.001613,834,4953.977977
-0.001565,834,4959.4-0.0005-0.001307,834,4964-0.002267,-0.001679,834,4970.322407
-0.001867,834,4977-0.001886,-0.003511,834,4983.264751
-0.001588,834,4988.764743
-0.001624,834,4994-0.001716,-0.001657,834,4999-0.002632,-0.001689,834,5005.390167
-0.001969,834,5011-0.001184,-0.001767,834,5016.468816
-0.001229,834,5022-0.001419,-0.002057,834,5027-0.002066,-0.001765,834,5033.121042
-0.001367,834,503-0.001894,8-0.001587,834,5045.901394
-0.000483,834,505-0.-0.00096-0.000502,834,5056.754877
0.374631,834,5064-0.001133,-0.000921,834,5069-0.001032,-0.002009,834,5075.398983
-0.00116,834,5080-0.000717,-0.000833,834,5086-0.001187,-0.001175,834,50910.058721,8-0.000636,834,509-0.00084,83-0.001933,834,51-0.00171,8340.684328,834,5107.56395
-0.000715,834,5114.531202
-0.001259,834,511-0.000747,8-0.00108,834,5125-0.00-0.00-0.000412,834,51-0.000861,83-0.000652,834,51-0.000982,83-0.000679,834,51-0.000-0.001-0.001195,834,51-0.000912,83-0.000547,834,5151.790312
-0.001146,834,5157.258634
-0.001027,834,51-0.001043,83-0.00088,834,516-0.000809,8-0.000735,834,517-0.000625,8-0.000938,834,518-0.00085,83-0.000968,834,51-0.000955,83-0.000885,834,51-0.000856,83-0.001124,834,5196.720004
-0.000717,834,5202.11991
-0.001123,834,520-0.001317,8-0.000887,834,521-0.001268,8-0.000507,834,521-0.000969,8-0.000551,834,5223.860385
-0.000973,834,522-0.000544,8-0.000592,834,5235.071672
-0.000574,834,524-0.000874,8-0.000891,834,524-0.000747,8-0.001412,834,525-0.000889,8-0.000638,834,525-0.000647,-0.000322,834,5263-0.001137,-0.000425,834,526-0.000756,8-0.001058,834,52-0.000819,83-0.000958,834,52-0.000115,83-0.000428,834,52--0.000707,8-0.000685,834,5290.325221
-0.000767,834,529-0.000867,8-0.000498,834,53-0.000866,83-0.000451,834,5306.481467
-0.001391,834,53-0.000745,83-0.000599,834,5333.768903
-0.001003,834,53-0.000635,-0.00055,834,5344.535719
-0.00054,834,5349.-0.000621-0.000425,834,5355.-0.000715-0.000793,834,5360.-0.000917-0.000416,834,5365.-0.000445-0.000883,834,5371.-0.000793-0.000668,834,5376-0.00060-0-0.000782,834,5381-0.000865,-0.000579,834,5387-0.0005,83-0.000964,834,53-0.000413,83-0.001228,834,53-0.000555,83-0.000651,834,54-0.000954,83-0.000463,834,541-0.000719-0-0.000632,834,54-0.000786,831.789864,834,5421.524833
-0.000864,834,5426.853326
-0.000905,834,5432.275099
-0.001304,834,5437-0.000999,-0.000603,834,5443.089913
-0.001129,834,5448.387904
-0.000768,834,5453.849237
-0.000496,834,5461.190985
0.078208,834,5467.472447
-0.001543,834,5472.90978
-0.000822,834,5478.322969
-0.000661,834,5483.728839
-0.000542,834,5489.213496
-0.000374,834-0.000791,-0.00-0.000653,834,5500.063368
0.089649,834-0.000532,834,5-0.000882,834,5510.797696
-0.000719,834,5516.187575
-0.00083,834,5521.63996
-0.001402,83-0.001223,834,55-0.00065,834,5534.072227
-0.000714,8340.500839-0.001-0.000901,83-0.000833,834,55-0.001377,834,5550.199448
-0.001112,83-0.00073,834,555-0.001139,8-0.001524,834,556-0.000748,834,5566.412395
-0.000804,8-0.000608,834,557-0.000825,834,5577.25665
-0.001033,834,5582.655369
-0.001051,834,5588.186534
-0.00050-0.000667,83-0.00094-0.00141-0.000847,834,5600.-0.000998,834,5606.33-0.0016-0.001135,834,5611.7--0.0013-0.000568,834,5617.183365
-0.000691,834,5622.62-0.0017-0.000-0.000655,834,5628.12-0.001761,834,5633.565543
-0.00053,834,5639.034113
-0.0008-0.000753,834,5-0.000-0.0008,834,5650.074382
-0.001673-0.000716,834,5655.-0.000945-0.000953,834,5662-0.001038-0.001252,834,5667.-0.002151,834,5673.36428-0.0-0.000809-0.001415,834,-0.00-0.000481-0.001454,834,5684.-0.001842-0.001298,834,5689.-0.001479,834,5694.912491
-0.000754,834,5700.388193
-0.00078-0.00074,834,5705.87-0.0002-0.001468,834,5711-0.0014-0.000872,834,5716.48-0.0013-0.001011,834,5721.90-0.0007-0.00157,834,5728.91-0.0010-0.000508,834,5734.2-0.00116-0.000872,834,5739.6-0.00104,834,5745.025541
-0.001231-0.00132,834,57-0.0-0.000983,834,5755.901911
-0.001476,834,5761.330877
-0.001201.1e-05,834,5766.832-0.000-0.000392,834,5772.145-0.001-0.00095,834,5777.4738-0.001022,834,5782.862623
-0.0-0.001201,834,5788.-0.00-0.001708,834,5795.5265-0.00-0.001726,834,5801.01982
-0.-0.002116,834,5806.567953-0.001466,834,5811.972038
-0-0.001101,834,5817.545048-0.00112,834,5823.152235
-0-0.001583,834,5828.661732-0-0.0009,834,5834.00618
-0.000702,834,5839.519327-0.000847,834,5844.984204
-0.001745,834,5850.352614
--0.001509,834,5855.819192-0.001807,834,5862.995147-0.001846,834,5868.821921-0-0.001582,834,5874.276661-0-0.002128,834,5879.700047-0.004068,834,5885.073061
-0.001441,834,5890.550069
--0.001603,834,5895.958019-0-0.001726,834,5901.493158-0.000978,834,5907.125421
-0.002032,834,5912.56429--0.001162,834,5918.118952-0.001335,834,5923.390101
-0.001707,834,5930.497137
-0.00223,834,5936.130647
--0.000284,834,5941.539907-0.001495,834,5946.944779
-0.001542,834,5952.273783
-0.001215,834,5957.649013
--0.001962,834,5965.134055-0--0.002286,834,5970.446267-0.002184,834,5976.187008-0--0.001013,834,5981.890229-0-0.00131,834,5987.633299--0.000475,834,5993.101371--0.001238,834,6015.877806-0.002719,834,6021.329952
-0.001187,834,6026.759194
-0-0.001888,834,6032.154292-0-0.00216,834,6037.606077--0.00246,834,6043.107275
-0.001331,834,6049.272717-0.002615,834,6056.24975--0-0.001105,834,6063.602632-0-0.001614,834,6069.745639-0.001258,834,6076.002573
-0.000829,834,6082.245956
-0.001592,834,6089.896009
-0.000741,834,6095.435784
-0.000781,834,6101.582695
-0.001294,834,6107.404491-0-0.001485,834,6113.068516
-0.0009,834,6119.070506
4.-0.001273,834,6124.573373-0.00162,834,6130.403079
-0.001089,834,6136.197577
-0.001348,834,6141.792218
0.313976,834,6147.647799
-0.001173,834,6153.055172
-0.001319,834,6160.372494
-0.001895,834,6165.896863
-0.001121,834,6171.347761
-0.001752,834,6177.007329
-0.002308,834,6182.376762
-0.001327,834,6187.877098
-0.001809,834,6193.371462
-0.001949,834,6198.624136--0.002696,834,6203.993586-0.001412,834,6209.287379
-0.001719,834,6214.577294
--0.001929,834,6220.352161--0.002321,834,6227.668055--0.002293,834,6233.105772-0.001651,834,6238.604688
-0.000575,834,6243.867955
-0.001274,834,6249.109104
-0.002095,834,6254.489966--0.001662,834,6260.011769-0.002324,834,6265.297504
--0.002666,834,6270.5205451.927129,834,6275.773575
-0.001581,834,6281.083907
-0.002349,834,6286.541-0.002-0.002103,834,6293.64-0.0014-0.002371,834,6299.121566
-0.001582,834,6304.-0.001662-0.001639,834,6309.83968
-0.001361,834,6315.252151
-0.001515,834,6320.614002
-0.001077,834,6326.057454
-0.002142,834,6331.266075--0.001575,834,6336.575849
-0.00171,834,6341.919284
-0.001318,834,6347.370045
-0.0024,834,6352.697859
--0.00129,834,6359.929728
-0.001338,834,6365.617954
7.119835,834,6370.987912
--0.001726,834,6376.263841--0.001699,834,6381.635136-0.001384,834,6386.952423
31.895633,834,6392.259677-0.00134,834,6397.616102
-02.619722,834,6403.015686--0.002273,834,6408.395044-2.31482,834,6413.604002
-0.001515,834,6419.331076
-0.002363,834,6426.578987
-0.001393,834,6431.904997
-8.609248,834,6437.21478
--0.001645,834,6442.4770781.-0.00138,834,6447.-0.0010-0.001579,834,6453.084345
-0-0.001894,834,6458.728960.042355,834,6464.048811
-0.00-0.001375,834,6469.3562-0.0-0.002253,834,6474.84676-0.-0.001407,834,6480.269877-0.-0.001942,834,6485.56981-0.000828,834,6492.570096
-0.001187,834,6497.940091
-0.00108,834,6503.32004
0.015022,834,6508.622325
-0.0012-0.001249,834,6514.00-0.001777,834,6519.318727
-0.00168,834,6524.65-0.0023-0.001857,834,6529.989234
2.53136-0.001675,834,-0.0-0.001354,834,6540.817535
2.077215,834,6546.161509
-0.002514,834,6551.482849
5.071361,834,6558.532779
-0.001355,834,6563.944953
-0.00168,834,6569.282971
-0.00216,834,6574.625368
-0.001162,834,6579.988408
-0.000871,834,6585.252426
-0.001543,834,6590.687171
-0.000772,834,6596.048048
-0.00141,834,6601.393442
-0.001772,834,6606.739809
-0.000925,83-0.001086,834,66-0.001279,834,6617.528299
-0.001331,834,6624.425-0.001-0.001497,834,6629.646574
-0.000933,834,6634.925181
-0.00133,83-0.001506,834,6-0.001395,834,6645.454028
-0.001254,834,6650.679979
-0.001145,834,6656.035174
-0.000906,834-0.002041,834,6-0.001485,834-0.002109,834,6-0.001181,834-0.001092,834,6-0.000844,834,6677.359516
-0.00119,834,6682.613456
1.165278,834,6705.199398
-0.001327,834,6-0.001109,83-0.001196,834,6715.705587
-0.001234,834,6721.00181
-0.001188,834,6726.286396
-0.001524,834,67-0.001033,83-0.001193,834,6736.713844
-0.000931,834,6741.881727
-0.001497,834,6-0.000956,8348.128036,834,6752.341394
-0.000879,834,6757.626862
-0.00095,834,67-0.000999,8-0.001413,834,6769.650744
-0.001383,834,6774.802434
-0.001572,834,6780.209735
0.001419,834,6785-0.001113,-0.000921,834,6790-0-0.00197-0.000997,834,6796.09516
-0.000707,834,6801.3-0.00096-0.001019,834,6806.573577
-0.001527,834,681-0.001884,8-0.001601,834,681-0.000946,8-0.001606,834,6822.277688
-0.001567,834,6827.567751
0.232164,834,683-0.001598,8-0.001205,834,683-0.001155,8-0.001293,834,684-0.000868,-0.000916,834,6850.519878
-0.001332,834,6855.846774
-0.002321,834,68-0.000895,83-0.000909,834,6868.192373
-0.001724,834,6873.760299
-0.001084,834,6-0.001436,834-0.000617,834,6884.236321-0.-0.000847,834,6890.513665
-0.001211,834,6896.197384
-0.000808,834,-0.001034,834,-0.00108,834,6-0.001827,834-0.000889,834,6-0-0.001,834,-0.001326,834,6918.842143
-0.00115,834,69-0.001122,83-0.00086,834,69-0.00117,834-0.001335,834,63.950631,834-0.00094,834,6939.779642
0.903526,834,694-0.001902,8-0.00134,834,695--0.003231,-0.001865,834,695-0.001141,8-0.00083,834,6960-0.001218,-0.000998,834,6968.003916
-0.000983,834,6973-0.00123,8-0.001038,834,6978.713156
-0.001379,834,69--0.001986,0.074916,834,6989.301878
-0.001182,834,6995.-0.000886-0.000902,834,7001-0.000937,-0.003145,834,701--0.001057,-0.001009,834,701-0.000807,8-0.00128,834,70250.348397,80.089945,834,7031.267552
-0.001819,834,7038.288736
-0.00072,834,7043.55459
-0.001482,834,7048.8-0.00107-0.00154,834,7054.070223
-0.002169,834,7059.210836
-0.000756,834,7064.335834
-0.001602,834,7069.4-0.00240-0.001126,834,7074.64.039615-0.000915,834,7079.-0.0011410.410548,834,7085.148338
0.005606,834,7090.351463
-0.00149,834,7095.5-0.000920.105654,834,7102.32-0.0012-0.001419,834,7107.54933
-0.001733,834,7112.7-0.00069-0.000822,834,7118.765927
-0.00134,834,7124.34--0.000-0.000888,834,7129.816758
-0.001229,834,7135.379224
-0.002494,834,7140.785479
-0.00054,834,7146.129-0.001-0.001034,834,7151.207345
4.029857,834,7156.410511
-0.000899,834,7161.660-0.001-0.000732,834,7168.437542
-0.001265,834,7173.732-0.001-0.00111,834,7178.9202-0.00-0.001249,834,7184.232714
-0.00178,834,7189.45146-0.0-0.001369,834,7194.63896-0.04.389709,834,7200.060841
-0.001024,834,7205.21709-0.0-0.001422,834,7210.482713
-0.001882,834,7215.732715
-0.001008,834,7221.01397
-0.00177,834,7226.630589
-0.000927,834,7233.570213
-0.000828,834,7238.77760--0.-0.000799,834,7243.96514--0-0.001976,834,7249.246358
7.20917,834,7254.496361
-0.000789,834,7259.793233-0-0.001156,834,7265.52761
-0.000967,834,7270.71511--0.000955,834,7275.933858
-0.001353,834,7281.183861
-0.001313,834,7286.308859
-0.000992,834,7291.465108-0.1.69871,834,7298.501356
-0.000854,834,7303.773037--0.000656,834,7308.913658--0.000955,834,7314.0698751-0.002079,834,7319.319918
-0.000978,834,7324.538629-0.5.878201,834,7329.773009
-0.000958,834,7334.944881
-0.001417,834,7340.132376
3.780202,834,7345.24175--0.001624,834,7350.351127-02.551325,834,7355.476161
-0.001856,834,7377.54764--0.000965,834,7383.162597-0-0.001547,834,7388.334471-00.014073,834,7393.521973
-0.001009,834,7398.69385
-0.001179,834,7403.912594
-0.001262,834,7409.100097--0.001047,834,7414.271974
-0.000838,834,7419.412601-0-0.001217,834,7424.756351-0-0.000732,834,7429.959472
-0.001514,834,7435.162597
-0.001002,834,7442.151026
-0.001967,834,7447.327821
-0.001476,834,7452.452822
-0.000626,834,7457.671564
-0.001726,834,7462.905936-0.-0.00067,834,7468.140313-0-0.001303,834,7473.312183-01.156295,834,7478.437184--0.000551,834,7483.546567
1.143229,834,7488.734065--0.001337,834,7493.9840616-0.001104,834,7499.2653124.-0.001194,834,7506.252203
4.149441,834,7511.880523-0-0.000992,834,7517.177404
0.198692,834,7522.333658
0.038998,834,7527.458659
-0.001035,834,7532.693028-4.249918,834,7537.802402
-0.000936,834,7543.021158
-0.001534,834,7548.208651
8.505817,834,7553.411773
-0.001501,834,7558.724272
0.000993,834,7564.099281
-0.001202,834,7571.009615
-0.001435,834,7576.280645
-0.001132,834,7581.593138
-0.002099,834,7586.765021
-0.000946,834,7592.1868913.9-0.002395,834,7597.59859-0.0-0.001206,834,7602.815053
-0.001008,834,7608.09623.82--0.001497,834,7613.48692
-0.002774,834,7618.877545
-0.001381,834,7624.283795
-0.001447,834,7629.471311--0.001362,834,7636.511319
-0.000809,834,7641.82383
-0.000584,834,7647.042578
-0.000969,834,7652.35507
-0.000976,834,7657.573826
-0.001484,834,7662.839448
-0.000993,834,7668.08945
-0.001144,834,7673.245695
-0.000945,834,7678.605077
-0.001069,834,7683.886334
-0.001039,834,7689.136324
-0.001029,834,7694.636-0.000-0.001272,834,7701.486188
7.648975,834,7706.866133
-0.001199,834,7712.038015
-0.001562,834,7717.4286-0.00-0.001013,834,7722.709888
4.197483,834,7727.959882
8.323036,834,7733.131752
-0.000721,834,7738.7467-0.00-0.001465,834,7744.231128
-0.001395,834,7749.62176
-0.001545,834,7754.871765
-0.001147,834,7760.043631
-0.002269,834,7768.899906
-0.000959,834,7774.524-0.001-0.002375,834,7780.055-0.001-0.000966,834,7785.751171
-0.001196,834,7791.219914
-0.002257,834,7796.960278
-0.002182,834,7802.304026
-0.001978,834,7807.91-0.00-0.001273,834,7813.242324
-0.001815,834,7818.7929-0.00-0.001979,834,7824.355425
-0.001135,834,7829.841872
-0.000738,834,7837.142009
-0.000947,834,7842.70996
-0.002681,834,7848.40-0.0017-0.00121,834,7854.011239
-0.001597,834,7859-0.001698,-0.001912,834,7865.27477
-0.001297,834,7870.852903
-0.000883,834,7876.243521
-0.001149,834,7881.587274
6.144327,834,7887.087275
-0.00233,834,7892.431026
-0.002392,834,7897.712271
-0.002039,834,7904.978091
-0.000537,834,7911.-0.002503-0.002764,834,7916.-0.001409-0.001346,834,7922.058835
-0.001739,834,7927-0.000957,-0.00126,834,7933.845469
-0.001036,834,7939.595469
-0.002224,834,79-0.001066,83-0.001528,834,7950.771989
3.204846,834,79-0.001714,8-0.001906,834,7961.740739
-0.001693,834,7967.501695
-0.001524,834,7974.694022
1.122715,834,7980.494711
-0.002412,834,7986.057211
-0.001885,834,7991.680701
-0.001302,834,7997.180698-0.-0.00337,834,8002.960215-0-0.000772,834,800-0.001566,8-0.0022,834,8013.926315
-0.001238,834,8019.332566
-0.000986,834,8024.770063
-0.001064,834,8030.27006-0.00.197001,834,8035.598185
-0.001799,834,80-0.002562,83-0.000908,834,8066.859035
-0.001195,834,8074.699985
-0.001268,834,80-0.000979-0.-0.001537,834,8086.013802
-0.002446,834,8091.56363-0.0-0.001989,834,808.345791-0.0-0.002542,8348.148691,834,81-0.001343,83-0.001734,834,81-0.002121,834,8116.06231.316-0.000989,834,8122.099868
-0.002129,834,8128.3857
-0.003123,834,8136.12243
-0.002433,834,8141.654736
-0.00215,834,8147.261-0.001-0.001109,834,8154.03-0.0017-0.001781,834,8160.125092
-0.00291,834,8166.327302
5.419223,834,8172.071849
-0.002409,834,8178.033-0.002-0.001376,83-0.002499,834,81-0.001652,83-0.001628-0.0010-0.001053,834,8194.891.00915-0.000407,834,8204.078676
-0.001852,834,8212.614534
-0.002339,834,8219.613618
-0.001469,834,8226.334297
-0.001651,834,8231.836616
0.001297,834,8237.28011
-0.000533,834,8242.84853
-0.002385,834-0.001428,834,80.007713,834,-0.00256,834,8-0.001663,834-0.001073,834,8-0.001456,834,8265.929978
-0.001379,834-0.002786,834,8-0.001357,834,8278.800974
-0.002592,834-0.001116,834,8-0.000905,834,8292.448092
-0.001493,834-0.000641,834,--0.001538,834,8304.509249
1.252272,834-0.001292,834,8-0.001032,834,8315.538557
-0.001472,834,8321.059292
1.116975,834,8326.518457
-0.00152,834,-0.000624,834,-0.001039,834,-0.001632,8344.828675,834,83-0.001274,83-0.000538,834,8354-0.001059,-0.000369,834,83-0.001343,830.002266,834,837-0.000995,8-0.002262,834,8380.913432
-0.002233,834,8387.046904
-0.002053,834,8393.163873
-0.002665,834,83-0.002015,83-0.002598,834,8404.054496
-0.001034,834,8410.001778
2.482513,834,841-0.00114,830.885893,834,842-0.001211,-0.001175,834,8427-0.000868,-0.001175,834,8432.482875
-0.000496,834,8439--0.001058-0.000551,834,8444.727328
-0.000422,834,845-0.000774,8-0.001262,834,8456.046082
-0.001255,834,84-0.001927,830.229393,834,8467.598709
-0.000482,834,847-0.002149,8-0.001338,834,8479.665207
-0.001193,834,8485.-0.000856-0.000551,834,8491.320062
-0.001482,834,8496.901861
-0.000215,834,85-0.000742,83-0.000844,834,8510.252158
1.469468,834,8515.-0.001057-0.00117,834,852-0.001727,8-0.000571,834,85-0.000741,83-0.001362,834,8535.355537
-0.0009,834,8541.374-0.000-0.001481,834,8547.825535
-0.00079,834,8553.793539
-0.000686,834,8560.-0.-0.001-0.001239,834,8566.827533
-0.001031,834,8572.973056
0.351662,834,8579.255053
-0.001419,834,8587.273053
-0.000642,834,8593.48-0.0013-0.001562,834,8599-0.001023,-0.001102,834,8605.95-0.00172.186603,834,8611.-0.3.0750-0.00125,834,8618.229056
-0.000858,834,8624.359056
-0.000848,834,8630-0.-0.0012-0.000603,834,8636-0.00056,8-0.000954,834,8643.42773
-0.001753,834,8648.936907
-0.001509,834,8654.640906
-0.000708,834,866-0.000905,-0.000724,834,8669.68591
-0.00122,834,8675.6119-0.00-0.001181,834,8681.2330.0245-0.001418,834,8687.69491
-0.000919,834,8694.066911
-0.001197,834,8700.327909
-0.001068,834,8706.5-0.00120.604827,834,8712.816911
-0.000923,834,8719.10291
-0.000737,834,8725.44-0.00114.905243,834,8731.619-0.000-0.001405,834,8739.87-0.0005-0.00084,834,8746.22-0.0010-0.001492,834,8752.4-0.00121-0.001032,834,8758.629911
-0.001304,834,8764.60094
-0.001149,834,8770.536908
-0.001575,834,8776.95-0.0015-0.002518,834,8783.27-0.0009-0.001027,834,8789.47-0.00083.456867,834,8796.404908
-0.001425,834,8802.658913
-0.002307,834,8809.060963
-0.001713,834,8840.4-0.00139-0.001238,834,8846.464313
-0.001074,834,8854.7-0.001034.929599,834,8861.3-0.00146-0.000888,834,8867.1-0.00095-0.001119,834,8873.0-0.00120-0.001155,834,8878.92-0.0007-0.001447,834,8884.813446
-0.001261,834,8890.248442
-0.001644,834,8895.--0.00170-0.001138,834,8901.560453
-0.001171,834,8907.2-0.000921.09186,834,8915.196445
-0.001141,834,8921.465449
-0.002802,834,8928.836442
-0.001533,834,8934-0.000891,-0.001746,834,8941.506448
5.996214,834,8947.418-0.001-0.000748,834,8954.100445
-0.001114,834,8959.889444
-0.000794,834,8965-0.001313,-0.001265,834,8971-0.001914,-0.001149,834,8977.70-0.0010-0.00174,834,8983.599445
-0.000134,834,8991.081462
-0.000801,834,8996.84-0.001-0.00117,834,9006.314406
-0.001299,834,9012.646-0.001-0.001707,834,9018.645407
-0.001631,834,9024.468405
0.026097,834,9030.444407
0.299203,834,9036.116406
4.599984,834,9041.854405
-0.000943,834,9047.5666.0-0.-0.000713,834,9053.201407
-0.002177,834,9059.124405
-0.000863,834,9067.530407
-0.000576,834,9073.444407
4.928301,834,9079.495406
-0.00078,834,9090.976296
-0.001377,834,9097.463294
-0.001021,834,9103.904816
4.701212,834,9110.328817
-0.000751,834,9116.703816--0.001334,834,9123.29082
-0.000992,834,9129.707814
-0.000697,834,9136.109814
-0.001138,834,9142.526818
-0.000946,834,9151.243812
-0.000947,834,9158.245809
-0.000937,834,9164.75781
-0.000808,834,9170.329809
-0.001002,834,9176.164845
5.795731,834,9182.688811
-0.00171,834,9189.88-0.00174.204528,834,9196.308808
-0.001143,834,9202.723809
-0.000865,834,9208.9-0.00198-0.000864,834,9215.1-0.00141-0.001437,834,9221.4-0.00103-0.000928,834,9229.6-0.0022-0.001292,834,9235.940809
-0.000913,834,9242.137811
-0.000998,834,9248.33181
7.441126,834,9254.265811
-0.001182,834,9260.226811
0.017486,834,9266.477808
-0.002079,834,9273.614864
3.037823,834,9280.2-0.0016,-0.001269,834,9286.584865
-0.002243,834,9292-0.000948,-0.001446,834,9299.214868
-0.001353,834,9308.382866
-0.001297,834,9314.503867
-0.001686,834,9321.379864
-0.001709,834,9327.724871
-0.001708,834,9334.040864
-0.000906,834,9342.179862,83-0.00144,834,9347.730864
-0.00145,834,9353.605871
-0.001061,834,9360.606876
-0.001031,834,9366.598869
-0.000737,834,93-0.002818,834,9373.780868
,9373.783868

834,9373.789865
