#{"t_start": 1745342226.0906324, "env_id": null}
r,l,t
0.001183,834,6.050141
-0.000129,834,19.018758
0.000429,834,29.764032
-0.000865,834,41.225317
0.000602,834,51.285036
-0.000485,834,61.560117
-7.4e-05,834,71.435144
0.000227,834,82.513027
0.001327,834,95.491864
0.000279,834,111.599327
0.00029,834,127.246248
-0.000339,834,138.69438
-0.002874,834,151.075129
-0.001249,834,162.766947
-0.001666,834,174.805134
-0.002358,834,185.544995
-0.001899,834,196.185451
-0.001533,834,207.555
-0.001665,834,221.720152
-0.001447,834,234.318037
-0.001282,834,247.296563
-0.002404,834,259.729967
-0.001728,834,272.247643
-0.001801,834,284.52991
-0.00248,834,297.268856
-0.001556,834,311.064983
-0.002812,834,323.355156
-0.002019,834,334.939949
-0.003347,834,347.422879
-0.001988,834,359.530135
-0.002059,834,371.555091
-0.002476,834,384.41502
-0.002632,834,394.81005
-0.003282,834,406.615267
-0.002659,834,419.915147
-0.002627,834,431.290268
-0.002071,834,442.425565
-0.002582,834,453.655272
-0.001437,834,464.5706
-0.002081,834,475.253608
0.00199,834,486.453154
-0.001363,834,498.33019
-0.00251,834,513.490389
-0.00273,834,526.580331
-0.002554,834,539.920595
-0.002114,834,552.265363
-0.002099,834,563.47553
-0.002483,834,575.90374
-0.002345,834,589.240963
-0.001354,834,600.405232
-0.001509,834,614.145192
-0.002869,834,626.220478
-0.003111,834,638.105364
-0.002692,834,649.984951
-0.002283,834,661.66035
-0.003583,834,673.78545
-0.002526,834,686.285212
-0.002616,834,699.700115
-0.002663,834,712.400363
-0.001313,834,727.335422
-0.001922,834,741.59543
-0.001309,834,756.496195
0.000549,834,771.507486
-0.003771,834,790.322959
-0.004663,834,805.865454
-0.004642,834,822.930368
-0.00478,834,839.395585
-0.004399,834,856.351086
-0.004467,834,873.366316
-0.002552,834,890.089428
-0.003604,834,905.971755
-0.003229,834,921.951996
-0.003026,834,938.002545
-0.002507,834,952.544561
-0.002272,834,967.761435
-0.002711,834,979.951771
-0.001899,834,995.816893
-0.002418,834,1007.965578
-0.002753,834,1018.935571
-0.001649,834,1030.304574
-0.001711,834,1041.379575
-0.002656,834,1052.673241
-0.004269,834,1064.726763
-0.002509,834,1075.753762
-0.002332,834,1088.44265
-0.002784,834,1099.886401
-0.003076,834,1111.187685
-0.003037,834,1122.829687
-0.001367,834,1132.902687
-0.003249,834,1143.630691
-0.00065,834,1155.269898
-0.003882,834,1168.963875
-0.000851,834,1180.382879
-0.00224,834,1191.352422
-0.003977,834,1203.267805
-0.002532,834,1213.907817
-0.003261,834,1224.356803
-0.003208,834,1238.010897
-0.003541,834,1248.144898
-0.00381,834,1258.117182
-0.003363,834,1268.222177
-0.003668,834,1280.155961
-0.003641,834,1292.054425
-0.003241,834,1303.556917
-0.003653,834,1314.699029
-0.004552,834,1326.39146
-0.00271,834,1338.031391
-0.004128,834,1352.678694
-0.004284,834,1364.798436
-0.000699,834,1377.082528
-0.002774,834,1387.610528
-0.003572,834,1398.763527
-0.002793,834,1409.156934
-0.002231,834,1419.11293
-0.003451,834,1432.676584
-0.002598,834,1445.091233
-0.003233,834,1455.563236
-0.002396,834,1467.790239
-0.002146,834,1479.689397
-0.002294,834,1518.794397
-0.00323,834,1532.187398
-0.003555,834,1543.305884
-0.003477,834,1553.489432
-0.001068,834,1563.916089
-0.003033,834,1574.945889
-0.002379,834,1585.415987
-0.002456,834,1596.550885
-0.003498,834,1608.491986
-0.002809,834,1618.790237
-0.00333,834,1629.066084
-0.002752,834,1639.440879
-0.003046,834,1652.585137
-0.002209,834,1664.080748
-0.001176,834,1679.371879
-0.002548,834,1691.394933
-0.001589,834,1702.377324
-0.002785,834,1713.650983
-0.001692,834,1725.036565
-0.001419,834,1736.355979
-0.002232,834,1748.592345
-0.002264,834,1760.25308
-0.003491,834,1771.581038
-0.002194,834,1784.090659
-0.002508,834,1796.246575
-0.003619,834,1808.476383
-0.003057,834,1820.697793
-0.001718,834,1832.575744
-0.001774,834,1844.512323
-0.003388,834,1855.725887
-0.002043,834,1866.216192
-0.001584,834,1878.169238
-0.002294,834,1891.34386
-0.002617,834,1902.757411
-0.003263,834,1914.361408
-0.003003,834,1927.025795
-0.00205,834,1937.985995
0.038579,834,1950.364933
-0.003407,834,1961.838734
-0.001388,834,1974.231189
-0.001335,834,1985.815188
-0.002367,834,1997.663899
-0.002622,834,2013.168431
-0.001486,834,2027.865722
-0.003324,834,2039.786742
-0.002096,834,2051.425942
-0.001737,834,2063.106213
-0.00238,834,2075.56185
-0.003795,834,2086.441002
-0.001606,834,2097.27782
-0.001551,834,2108.73262
0.098176,834,2120.196991
-0.002597,834,2131.641045
-0.003341,834,2144.739205
-0.002207,834,2156.046261
-0.003387,834,2167.073039
-0.000918,834,2179.176307
-0.001783,834,2190.146135
-0.00291,834,2200.951428
-0.002538,834,2211.486061
-0.001752,834,2227.82205
-0.00208,834,2241.955577
-0.002276,834,2260.366111
-0.002864,834,2288.518142
2.191629,834,2305.278359
-0.003009,834,2325.380512
-0.001847,834,2340.047994
-0.002954,834,2356.863641
-0.002585,834,2370.203157
-0.001015,834,2382.466851
0.000567,834,2393.881961
-0.002232,834,2405.499379
-0.001225,834,2415.563097
-0.003826,834,2426.392291
-0.002705,834,2436.288445
-0.003393,834,2447.631357
-0.004591,834,2457.791049
-0.002211,834,2467.845151
-0.004567,834,2478.732944
-0.002312,834,2489.292876
-0.001626,834,2499.453663
-0.002464,834,2509.813287
-0.002908,834,2521.426352
-0.003215,834,2532.055501
-0.003997,834,2542.415865
-0.001435,834,2552.859515
-0.001963,834,2563.827515
-0.003385,834,2575.264042
-0.001329,834,2585.507364
-0.003095,834,2597.759833
-0.00202,834,2608.740124
-0.004711,834,2618.631311
-0.002563,834,2628.353373
-0.003275,834,2638.809905
-0.000293,834,2648.797747
-0.002496,834,2658.979751
-0.002334,834,2668.866488
-0.003245,834,2679.347923
-0.003491,834,2689.34403
-0.001975,834,2699.839656
-0.001593,834,2709.680626
-0.003684,834,2719.753881
-0.003236,834,2729.932219
-0.002322,834,2740.387923
-0.004905,834,2752.402977
-0.004157,834,2763.462713
-0.003,834,2774.037617
-0.00148,834,2785.838588
-0.003784,834,2795.670498
-0.003842,834,2805.34577
-0.002274,834,2815.179894
-0.002529,834,2824.941053
5.898591,834,2835.069548
-0.00329,834,2845.667257
-0.002956,834,2855.8428
-0.002943,834,2866.248634
-0.002999,834,2876.404316
-0.002704,834,2887.171158
-0.004,834,2897.620873
-0.001996,834,2907.84368
-0.004081,834,2943.172097
-0.004076,834,2953.652522
-0.002831,834,2963.774092
-0.001907,834,2973.913167
-0.004025,834,2984.33059
-0.003595,834,2995.16987
-0.000959,834,3007.851238
-0.00436,834,3018.217312
-0.003752,834,3029.344281
-0.003858,834,3040.03029
-0.000702,834,3050.605024
-0.002036,834,3061.199534
-0.002312,834,3072.2627
-0.003304,834,3084.066601
-0.002433,834,3095.268056
-0.001623,834,3105.423326
-0.001228,834,3115.555423
-0.001577,834,3125.670266
-0.002269,834,3135.941467
-0.001372,834,3146.509306
-0.001459,834,3156.685914
-0.002319,834,3166.616422
-0.001186,834,3177.167234
-0.002871,834,3187.488705
-0.001746,834,3197.774871
-0.0015,834,3208.451854
0.942983,834,3218.782487
-0.001333,834,3228.762105
-0.000821,834,3239.20514
-0.001072,834,3249.177717
-0.002139,834,3259.891036
-0.001316,834,3270.750471
-0.00179,834,3281.128909
0.055772,834,3291.252167
-0.003528,834,3301.489022
-0.000978,834,3311.908982
-0.001495,834,3321.99713
-0.001901,834,3332.283796
-0.002513,834,3342.92481
-0.001165,834,3353.313829
-0.002426,834,3363.53738
-0.002367,834,3374.557132
-0.002643,834,3385.296288
-0.003277,834,3395.459915
-0.003393,834,3405.068913
0.076378,834,3415.361103
-0.002164,834,3424.984198
-0.00437,834,3435.146775
-0.001735,834,3445.722762
-0.005005,834,3455.917385
0.901026,834,3466.181905
-0.002703,834,3476.889797
-0.003862,834,3487.166409
-0.002703,834,3497.75212
-0.000891,834,3508.369228
0.011848,834,3518.799252
-0.002244,834,3529.070325
0.12868,834,3539.491816
-0.001247,834,3549.983521
-0.001589,834,3560.617871
-0.002992,834,3571.081622
-0.001403,834,3581.550419
-0.002549,834,3592.435252
-0.001805,834,3602.868725
-0.001338,834,3613.300345
-0.001122,834,3623.654908
-0.003027,834,3634.039899
-0.002821,834,3644.106389
-0.001538,834,3654.555759
-0.003011,834,3664.696241
-0.004423,834,3674.774963
-0.001457,834,3684.926414
-0.004159,834,3694.972374
-0.001424,834,3705.161317
-0.001136,834,3715.47074
-0.001814,834,3726.404552
-0.001401,834,3736.546301
-0.000645,834,3746.640018
-0.004191,834,3756.270461
-0.003193,834,3766.021258
6.471941,834,3775.823819
7.825856,834,3785.659469
0.015191,834,3795.636121
-0.001704,834,3805.421358
-0.002122,834,3816.119184
-0.002209,834,3826.286235
1.7479,834,3836.463658
-0.003465,834,3847.219337
-0.002931,834,3857.681015
-0.001969,834,3867.598023
-0.002297,834,3878.026457
-0.001932,834,3888.698476
-0.002229,834,3899.30542
-0.000951,834,3909.777709
-0.003827,834,3919.915224
-0.002841,834,3929.636394
-0.001804,834,3939.709221
-0.002896,834,3949.435673
-0.003124,834,3959.202906
3.772822,834,3968.951267
-0.002567,834,3978.73782
-0.002169,834,3988.35211
-0.003151,834,3997.966211
-0.001478,834,4007.871526
-0.002776,834,4017.513473
-0.002338,834,4027.239661
-0.003005,834,4037.059468
-0.002146,834,4047.049148
-0.003882,834,4057.188389
-0.003465,834,4066.738584
0.113766,834,4076.518618
-0.002601,834,4086.481991
-0.003027,834,4096.339988
-0.003588,834,4105.947104
-0.003922,834,4115.638193
-0.00346,834,4125.381928
-0.004734,834,4135.345559
-0.003698,834,4145.747919
0.479526,834,4155.283243
-0.002707,834,4164.816988
-0.002218,834,4195.50543
-0.003703,834,4205.573897
-0.004164,834,4215.329144
-0.002188,834,4225.097884
1.83126,834,4235.248008
-0.002895,834,4245.05
-0.001693,834,4254.729046
-0.003141,834,4264.649957
-0.002739,834,4274.485259
-0.003118,834,4284.569066
2.045023,834,4294.168929
-0.000869,834,4304.847439
-0.002638,834,4315.244146
-0.00179,834,4325.062016
-0.002149,834,4335.012708
-0.003272,834,4345.539938
0.010918,834,4355.413298
-0.001392,834,4365.412318
-0.000713,834,4375.5627
-0.002675,834,4385.134713
-0.003652,834,4395.464242
-0.00178,834,4405.478626
-0.001332,834,4415.566806
-0.003094,834,4425.373386
0.064989,834,4435.680006
0.006218,834,4446.126993
0.093159,834,4456.141339
-0.006197,834,4466.193743
-0.005547,834,4476.215627
-0.002089,834,4486.54464
-0.004516,834,4496.76422
-0.00361,834,4506.715913
-0.003592,834,4517.315314
-0.003711,834,4527.341498
-0.000783,834,4537.894668
-0.002791,834,4548.37783
-0.003692,834,4558.517262
-0.003755,834,4568.429526
-0.004593,834,4578.315103
0.077277,834,4588.221378
-0.003749,834,4597.866433
-0.002902,834,4608.178008
-0.001842,834,4618.100052
0.045784,834,4628.122133
-0.003013,834,4637.917883
-0.005325,834,4647.788578
0.041117,834,4657.699038
-0.00323,834,4667.571963
-0.002635,834,4677.155938
-0.004636,834,4686.749239
-0.005373,834,4696.642599
-0.004841,834,4706.296815
0.065385,834,4716.713715
-0.004937,834,4726.649292
1.354389,834,4736.590863
-0.003074,834,4746.597749
-0.00151,834,4756.408979
-0.003525,834,4766.672836
-0.003681,834,4776.113931
-0.00409,834,4785.462863
-0.003354,834,4794.560826
-0.00291,834,4803.887995
0.031317,834,4813.847177
2.22636,834,4830.053645
6.725159,834,4847.793512
-0.002993,834,4860.217102
-0.001921,834,4872.549181
0.091492,834,4885.005129
-0.005057,834,4897.001412
-0.004108,834,4907.650021
2.276216,834,4917.734934
-0.003834,834,4929.105372
-0.005506,834,4942.9454
4.894791,834,4956.83837
0.153725,834,4968.161226
0.698218,834,4978.973101
-0.003058,834,4989.402799
-0.003395,834,5000.309776
0.000787,834,5011.538086
-0.003684,834,5023.766084
-0.003058,834,5035.542869
0.093024,834,5046.492199
0.437848,834,5057.525811
-0.000675,834,5071.80593
-0.002266,834,5086.992754
0.287631,834,5097.152905
-0.003274,834,5108.753032
-0.004283,834,5121.413205
-0.003368,834,5132.173263
0.006733,834,5143.053229
-0.002073,834,5154.11277
0.162236,834,5165.374129
-0.00464,834,5175.283041
-0.003343,834,5187.801994
1.774084,834,5198.991074
3.254501,834,5210.422845
0.004506,834,5220.40323
-0.004232,834,5231.563193
0.075468,834,5243.053063
-0.002606,834,5255.108154
0.665608,834,5266.05301
-0.002747,834,5281.237868
5.626147,834,5293.190087
1.70694,834,5305.212077
-0.00345,834,5317.569264
-0.004581,834,5328.422902
-0.004199,834,5338.893204
-0.002615,834,5350.421867
-0.003605,834,5361.402881
0.083207,834,5373.736502
-0.002843,834,5387.682962
0.18393,834,5402.338795
-0.003158,834,5414.728132
-0.002535,834,5426.562868
2.469633,834,5439.943187
0.066443,834,5451.092984
1.179495,834,5461.277981
0.046787,834,5472.903071
-0.002558,834,5486.178239
0.023713,834,5497.628058
-0.003637,834,5534.644747
0.687347,834,5546.923093
-0.003926,834,5557.443258
6.30783,834,5569.326
-0.002559,834,5580.873158
-0.003425,834,5592.852995
-0.002338,834,5604.083399
-0.00439,834,5615.297526
-0.002,834,5627.277967
-0.002248,834,5640.403122
-0.002513,834,5651.061584
0.397767,834,5661.673046
-0.0043,834,5673.163432
-0.004252,834,5685.673038
-0.002084,834,5696.903269
0.592069,834,5708.533484
1.294679,834,5719.219499
-0.00372,834,5732.979943
4.542356,834,5744.97909
-0.004221,834,5756.493369
-0.003592,834,5768.143355
-0.002326,834,5779.423146
1.720526,834,5791.483173
-0.003715,834,5803.313235
-0.002611,834,5815.53354
1.67942,834,5828.15821
-0.00392,834,5840.853297
0.482272,834,5853.833586
-0.002542,834,5866.123328
-0.005549,834,5879.343257
-0.003782,834,5892.098516
-0.003025,834,5905.463658
4.974582,834,5918.184847
-0.002047,834,5933.858345
0.023928,834,5949.254947
-0.003049,834,5969.433605
0.230046,834,5988.478229
-0.002967,834,6002.254509
-0.000603,834,6016.773266
-0.003689,834,6030.24327
0.091714,834,6045.153504
-0.002293,834,6060.259657
-0.002229,834,6074.068535
-0.003186,834,6089.973493
-0.002325,834,6107.329104
0.03788,834,6126.187197
0.138709,834,6143.926258
-0.00331,834,6160.935792
1.712571,834,6180.641324
-0.003453,834,6198.206605
0.322361,834,6215.590148
1.507169,834,6231.917146
0.07042,834,6247.101145
-0.003427,834,6261.912471
0.085693,834,6279.194228
2.539882,834,6294.22308
0.495562,834,6307.898123
0.050041,834,6322.348727
0.107918,834,6340.158733
-0.003143,834,6358.655128
-0.001874,834,6375.963711
-0.00309,834,6391.242242
-0.00299,834,6408.128522
-0.001559,834,6424.473534
0.373165,834,6438.167412
-0.00215,834,6457.17364
-0.003913,834,6472.173773
-0.000629,834,6486.438418
-0.002368,834,6502.318637
-0.002498,834,6513.487092
-0.002761,834,6526.671725
-0.004033,834,6539.093795
-0.003961,834,6553.913685
-0.001614,834,6567.178766
-0.001905,834,6579.348727
0.289516,834,6594.783866
-0.001095,834,6609.418623
-0.002269,834,6623.80379
-0.001896,834,6638.596071
-0.003387,834,6653.246939
-0.004054,834,6666.964898
-0.001903,834,6681.878601
4.408573,834,6695.218857
-0.003534,834,6709.848925
-0.002146,834,6727.873781
-0.002064,834,6745.133565
0.001957,834,6761.553359
0.037063,834,6777.353959
-0.001877,834,6790.143642
-0.002194,834,6803.623545
-0.001941,834,6815.973622
-0.001269,834,6830.59847
-0.0021,834,6844.828686
1.686953,834,6858.523491
-0.001997,834,6874.361858
1.749647,834,6888.698797
-0.002107,834,6903.706917
-0.0024,834,6919.308899
4.699095,834,6936.905611
-0.001829,834,6954.233776
-0.00158,834,6969.284031
-0.001075,834,6986.318829
-0.003249,834,7002.759012
-0.002782,834,7019.423802
-0.002598,834,7035.426914
4.271573,834,7052.036456
-0.001789,834,7066.978727
-0.003785,834,7087.995007
-0.004125,834,7104.25387
-0.003148,834,7116.663989
-0.003902,834,7127.989065
1.56168,834,7139.67406
-0.003562,834,7150.393713
-0.002569,834,7161.994852
-0.003984,834,7175.123732
-0.005686,834,7186.542603
0.808439,834,7197.36099
-0.003171,834,7212.123933
0.000606,834,7228.217042
4.862931,834,7241.253807
6.250655,834,7291.623778
0.887737,834,7305.726678
-0.002872,834,7316.944058
0.015677,834,7327.325028
7.050385,834,7337.544158
-0.002196,834,7349.755691
0.178691,834,7362.36786
-0.004728,834,7373.894346
-0.002932,834,7386.687006
2.037357,834,7398.654389
-0.001687,834,7411.199188
-0.003565,834,7423.248985
-0.004018,834,7436.425602
-0.002917,834,7449.093904
-0.001644,834,7460.224293
-0.002451,834,7472.21394
-0.003393,834,7483.224359
-0.002349,834,7497.218459
0.829232,834,7510.39793
-0.005106,834,7524.207671
-0.004686,834,7537.87605
-0.002626,834,7549.686299
-0.002445,834,7561.824103
-0.001534,834,7574.493377
-0.001681,834,7587.094149
0.405043,834,7599.504394
-0.004113,834,7610.014057
-0.00074,834,7622.641164
-0.005063,834,7633.894201
7.076582,834,7645.216699
-0.002236,834,7658.897076
-0.005631,834,7670.874413
-0.003672,834,7682.397022
-0.005015,834,7694.12443
1.31467,834,7705.564104
0.007054,834,7717.344052
-0.003788,834,7729.39417
-0.003214,834,7740.214277
-0.002561,834,7752.674058
-0.002591,834,7765.340579
-0.001179,834,7778.574253
-0.001522,834,7796.524292
-0.003381,834,7816.109355
-0.003718,834,7834.253414
-0.001964,834,7851.604635
-0.004391,834,7867.979366
6.836074,834,7884.549352
-0.002298,834,7900.374198
3.368169,834,7921.516167
-0.004249,834,7939.634285
-0.003299,834,7956.12539
-0.003188,834,7973.234948
-0.001931,834,7997.787703
0.874189,834,8017.214206
-0.002403,834,8036.72372
-0.001343,834,8048.489162
0.037829,834,8060.894392
5.178691,834,8072.244342
-0.001997,834,8084.00432
0.488799,834,8094.924458
-0.004405,834,8106.627028
-0.002573,834,8118.146441
7.653259,834,8129.318463
-0.00272,834,8140.00454
-0.000854,834,8151.054317
2.099687,834,8162.751799
-0.002824,834,8173.984419
-0.002116,834,8185.224675
-0.001779,834,8195.954219
-0.001986,834,8207.374719
-0.004016,834,8223.269379
6.107848,834,8238.983858
-0.002375,834,8260.024287
0.127504,834,8279.561436
2.512432,834,8298.29468
-0.001961,834,8318.244493
-0.003398,834,8336.330727
-0.002662,834,8355.196609
3.086302,834,8374.979595
-0.00252,834,8396.384391
-0.002014,834,8413.414413
-0.002507,834,8431.659326
-0.003203,834,8449.464738
-0.00326,834,8467.434422
-0.004514,834,8488.484643
0.008874,834,8507.813643
-0.002536,834,8527.94444
-0.003392,834,8545.458832
-0.003074,834,8564.978447
-0.002636,834,8586.304491
-0.002134,834,8607.288089
-0.002288,834,8627.358102
-0.002806,834,8643.794633
-0.004171,834,8664.094913
-0.003823,834,8683.959935
-0.00254,834,8702.609567
-0.003339,834,8720.314646
-0.001902,834,8738.169453
2.533543,834,8751.998527
-0.003107,834,8770.360689
-0.002813,834,8788.22474
-0.003977,834,8806.889494
-0.002915,834,8826.005214
-0.002859,834,8844.896369
4.494477,834,8860.473559
-0.002007,834,8886.35963
1.369051,834,8904.822952
1.948576,834,8921.939982
0.74667,834,8943.737961
-0.003214,834,8967.769129
2.645238,834,8990.899731
-0.003884,834,9015.967076
0.000334,834,9038.624884
-0.002281,834,9061.118673
-0.004542,834,9080.449628
-0.001902,834,9098.354776
-0.001793,834,9115.645031
0.407613,834,9134.844815
-0.002391,834,9158.636656
-0.003021,834,9176.793846
0.397306,834,9246.274959
1.452682,834,9266.875009
-0.003461,834,9286.60986
-0.004725,834,9303.420259
1.473457,834,9323.505374
0.182596,834,9343.40662
1.12433,834,9365.525141
0.529318,834,9389.734922
-0.001085,834,9409.634057
-0.002265,834,9432.109666
-0.003284,834,9449.904971
0.224707,834,9468.897783
3.490636,834,9488.700257
1.660964,834,9507.288324
-0.003323,834,9523.370885
-0.001186,834,9541.684886
-0.002466,834,9560.803334
-0.003781,834,9584.87342
-0.002709,834,9613.137136
-0.002423,834,9636.921807
0.056173,834,9666.183965
-0.001917,834,9700.960097
-0.00271,834,9730.896243
-0.003936,834,9762.898205
-0.001214,834,9798.039021
-0.00415,834,9828.391672
1.268552,834,9857.079417
-0.002769,834,9880.200598
0.78154,834,9908.365606
-0.004428,834,9932.010054
-0.001591,834,9950.548308
-0.00207,834,9966.840217
5.325722,834,9986.14535
-0.004315,834,10005.265245
0.474532,834,10022.450251
2.659794,834,10044.634972
3.625118,834,10060.717167
-0.002413,834,10078.126971
-0.002635,834,10095.865366
0.221497,834,10113.215106
1.280169,834,10130.95537
-0.003728,834,10150.608321
-0.002402,834,10173.010373
-0.002539,834,10201.370011
0.021247,834,10226.305408
3.643863,834,10257.177462
-0.004035,834,10285.010289
1.647671,834,10309.7308
-0.001263,834,10342.645574
-0.003645,834,10375.095162
-0.003787,834,10400.068896
-0.004011,834,10423.845709
0.382721,834,10446.326523
-0.002361,834,10473.161487
-0.002552,834,10502.21041
0.262083,834,10534.881242
-0.002111,834,10559.443744
-0.002861,834,10582.827386
0.142227,834,10609.827383
-0.005116,834,10634.477858
4.12869,834,10658.787931
4.433152,834,10687.395089
-0.002397,834,10717.211199
-0.002537,834,10746.359377
-0.002498,834,10774.194245
-0.004488,834,10806.109548
0.631667,834,10831.969359
-0.003,834,10858.550083
9.402363,834,10879.254428
8.0048,834,10905.518409
-0.001249,834,10931.869166
-0.003348,834,10959.355494
-0.00212,834,10985.700479
-0.002847,834,11008.265138
0.069256,834,11034.415647
3.615275,834,11062.22066
0.17271,834,11088.699107
2.555291,834,11116.065631
5.238162,834,11140.488802
-0.00199,834,11164.756511
0.189907,834,11190.241071
-0.002855,834,11214.636172
1.559879,834,11234.501174
1.786766,834,11255.704308
-0.003354,834,11278.86509
-0.003907,834,11303.732488
-0.00406,834,11326.890733
3.857979,834,11348.968859
3.027544,834,11369.587819
5.483432,834,11392.459979
-0.003552,834,11416.366235
0.708142,834,11441.808878
-0.004598,834,11462.543259
-0.003369,834,11483.791212
-0.001819,834,11507.400583
2.257794,834,11530.912593
-0.003261,834,11554.284672
0.02412,834,11574.25844
-0.005444,834,11602.349183
-0.003737,834,11622.990994
-0.002917,834,11648.444423
7.308285,834,11674.035463
-0.001271,834,11699.221456
-0.004593,834,11729.835756
-0.004235,834,11755.52987
-0.001596,834,11780.819023
-0.001745,834,11809.189126
-0.002147,834,11836.852563
-0.001505,834,11864.243195
0.66381,834,11890.757017
-0.004009,834,11916.99533
-0.004641,834,11941.2297
6.511628,834,11964.804411
0.035707,834,11990.591722
-0.003922,834,12016.398817
-0.0041,834,12040.555063
0.174776,834,12064.622766
0.813751,834,12090.308832
-0.003393,834,12114.949465
-0.001881,834,12140.380046
3.642427,834,12250.545114
-0.004461,834,12275.495108
-0.003692,834,12299.144646
-0.001884,834,12317.519645
0.012216,834,12342.245894
-0.002116,834,12365.930358
-0.00338,834,12391.748577
-0.002852,834,12417.811086
-0.005343,834,12439.396682
-0.001941,834,12462.266452
-0.002912,834,12490.355989
-0.000906,834,12512.910318
-0.004496,834,12537.272588
-0.004289,834,12568.553456
-0.00299,834,12595.892665
-0.003497,834,12616.401135
-0.004256,834,12636.869883
-0.003272,834,12658.231363
-0.001989,834,12680.403234
-0.002554,834,12697.859306
1.132997,834,12713.441037
1.854489,834,12728.175394
-0.003413,834,12741.887308
-0.00284,834,12757.197313
-0.003398,834,12772.538747
-0.003114,834,12788.117531
1.322819,834,12803.48522
2.944143,834,12820.407091
0.973327,834,12833.617135
-0.003926,834,12848.833991
-0.002385,834,12864.55275
-0.004491,834,12880.325306
-0.003834,834,12897.653436
-0.002798,834,12913.223244
-0.0037,834,12930.168075
-0.002641,834,12947.046499
-0.003741,834,12968.259476
0.089908,834,12985.671732
-0.00251,834,13002.69698
-0.002311,834,13018.552323
-0.003992,834,13036.483504
-0.002818,834,13049.735667
-0.001409,834,13065.385834
-0.003781,834,13080.284536
-0.003573,834,13095.871218
-0.003369,834,13111.178351
-0.00366,834,13127.342375
-0.002846,834,13142.655324
-0.003748,834,13157.185143
1.681703,834,13176.69153
-0.003953,834,13191.863418
-0.003209,834,13206.746524
-0.003831,834,13221.777778
-0.004273,834,13237.581397
-0.002738,834,13251.171989
0.032016,834,13266.086806
-0.003475,834,13281.676103
0.043453,834,13297.50835
-0.002773,834,13312.750119
-0.003493,834,13327.359494
-0.001999,834,13342.446438
-0.003164,834,13355.375232
-0.003129,834,13370.275798
-0.003743,834,13385.619547
-0.004281,834,13400.768113
-0.002255,834,13416.49765
-0.001831,834,13431.466376
-0.004752,834,13444.991326
-0.002748,834,13459.460072
-0.002995,834,13474.887808
-0.003407,834,13490.469107
-0.002592,834,13505.886294
-0.003685,834,13521.280023
3.362323,834,13536.754994
-0.002293,834,13548.924437
-0.00333,834,13564.143191
-0.002998,834,13579.405029
-0.00369,834,13595.316923
-0.003525,834,13610.64495
-0.00236,834,13626.853742
-0.002587,834,13641.62229
-0.003171,834,13655.619699
-0.003003,834,13670.447824
0.040436,834,13685.362216
-0.003307,834,13701.705978
-0.001459,834,13718.147591
-0.001732,834,13733.673733
-0.003968,834,13748.296457
-0.002196,834,13762.553643
-0.003845,834,13777.998755
-0.004028,834,13793.493302
-0.003664,834,13808.618297
-0.001823,834,13823.659726
5.172052,834,13838.977761
-0.004374,834,13852.144156
-0.003143,834,13867.029558
-0.002028,834,13883.395438
-0.002986,834,13899.144297
-0.004208,834,13914.548277
-0.00194,834,13930.026021
-0.002102,834,13945.290766
-1e-05,834,13958.854995
-0.002767,834,13974.316683
-0.00252,834,13990.368675
-0.000964,834,14005.726543
-0.003715,834,14021.740097
-0.002363,834,14037.236048
-0.002999,834,14050.355825
-0.003534,834,14065.558948
-0.002489,834,14081.839591
7.884868,834,14096.964592
-0.002927,834,14111.5914
5.531411,834,14126.591398
1.155521,834,14141.672409
-0.00367,834,14154.082492
-0.002511,834,14169.320931
-0.001888,834,14184.082287
-0.005814,834,14199.190477
-0.003532,834,14214.026659
-0.003558,834,14229.526656
-0.002993,834,14277.463189
-0.002108,834,14292.867001
-0.002581,834,14308.045615
-0.002349,834,14322.654994
-0.00428,834,14337.591945
-0.001189,834,14349.951617
-0.00355,834,14364.24849
-0.002643,834,14379.516507
2.207371,834,14393.922757
-0.001822,834,14409.287326
-0.003362,834,14424.771716
-0.003541,834,14440.248723
-0.003087,834,14453.147984
-0.003668,834,14468.474112
-0.003153,834,14484.188381
-0.002315,834,14499.719631
0.012487,834,14514.618258
-0.00169,834,14529.177178
-0.001597,834,14544.588541
2.040454,834,14557.103327
-0.001854,834,14572.31639
-0.004952,834,14587.710024
0.246358,834,14602.803771
0.030456,834,14617.419986
-0.003732,834,14632.966864
-0.004198,834,14647.412102
0.000444,834,14660.843558
-0.004592,834,14676.716055
-0.004171,834,14692.630414
-0.003042,834,14707.877802
-0.002955,834,14722.794642
0.57648,834,14737.982137
1.981945,834,14750.805506
-0.005694,834,14765.625296
-0.001831,834,14780.541223
-0.002416,834,14794.822474
-0.000892,834,14809.739713
-0.003902,834,14824.245569
0.062482,834,14839.149891
-0.002948,834,14852.306141
-0.003698,834,14866.015244
0.933001,834,14881.361717
-0.004402,834,14896.03359
-0.003787,834,14910.779585
-0.002691,834,14925.873353
-0.002495,834,14940.576516
-0.003622,834,14952.701511
-0.002448,834,14967.431523
-0.003279,834,14982.384651
-0.00406,834,15000.930717
-0.003367,834,15016.519771
7.389514,834,15032.837467
-0.002326,834,15048.067421
0.222584,834,15060.955402
-0.00307,834,15076.515615
-0.00355,834,15091.555963
-0.003746,834,15106.135863
-0.003328,834,15120.422379
-0.003943,834,15135.316756
-0.002917,834,15150.719934
-0.002905,834,15163.482917
-0.002821,834,15178.474172
-0.005098,834,15193.15597
-0.002892,834,15208.560685
-0.003264,834,15223.482557
-0.001963,834,15238.346361
-0.001777,834,15252.955736
-0.004771,834,15265.025002
-0.003337,834,15280.071873
-0.003305,834,15296.328396
-0.00254,834,15312.187771
-0.002609,834,15327.994298
-0.002346,834,15343.970724
-0.001924,834,15358.702233
0.351622,834,15371.522222
-0.002551,834,15387.194097
4.826667,834,15402.54657
-0.00503,834,15417.707031
0.029925,834,15433.316406
-0.002462,834,15449.636215
-0.003601,834,15464.526831
-0.003986,834,15477.533656
-0.001833,834,15492.408658
-0.002429,834,15509.604278
-0.004395,834,15525.735962
2.501649,834,15543.547076
-0.002764,834,15566.397908
-0.002354,834,15583.116666
-0.001375,834,15596.923189
-0.002809,834,15612.257881
-0.002689,834,15627.063375
-0.001693,834,15642.203998
-0.004277,834,15656.994411
-0.001355,834,15672.627738
-0.003031,834,15688.011873
-0.002478,834,15702.075243
-0.00202,834,15718.395247
-0.001554,834,15733.409584
-0.004279,834,15748.912225
-0.003647,834,15765.148015
-0.002341,834,15780.969363
-0.004492,834,15796.299188
-0.002451,834,15809.706563
-0.001547,834,15825.02781
-0.001997,834,15840.574903
0.386898,834,15855.879691
-0.004337,834,15871.457385
-0.002718,834,15887.229332
-0.002881,834,15901.729333
-0.005099,834,15914.238831
-0.002188,834,15928.973206
0.022709,834,15944.354863
-0.002452,834,15959.710637
-0.003155,834,15974.94888
1.58807,834,15991.050805
-0.003449,834,16006.568943
-0.004929,834,16019.397171
-0.003884,834,16034.209786
3.135872,834,16048.421521
-0.003013,834,16063.712319
-0.004274,834,16121.871649
-0.00281,834,16136.864326
-0.005384,834,16151.731232
-0.003853,834,16166.285265
-0.00233,834,16181.160267
-0.00345,834,16196.523444
9.581268,834,16212.148446
-0.003064,834,16224.078954
-0.004259,834,16238.899523
-0.00391,834,16254.03925
-0.004398,834,16268.783719
-0.001512,834,16283.893087
-0.002943,834,16299.244106
2.07935,834,16315.150113
-0.003055,834,16327.860142
-0.001716,834,16342.496755
-0.002233,834,16357.953928
-0.003322,834,16372.949262
-0.001552,834,16388.402385
-0.003508,834,16403.273467
-0.00348,834,16419.273467
-0.003604,834,16432.080986
-0.003654,834,16446.617896
1.537544,834,16461.636776
-0.003312,834,16476.313274
-0.001818,834,16492.57679
4.971179,834,16508.759458
-0.001966,834,16523.525081
-0.001279,834,16537.113506
1.180541,834,16550.907813
-0.004921,834,16565.358418
-0.002507,834,16579.78447
-0.004414,834,16594.756635
-0.004117,834,16609.578766
-0.004512,834,16625.141255
-0.003607,834,16640.335465
-0.002326,834,16653.64797
-0.005715,834,16667.58419
-0.002576,834,16681.573694
-0.005018,834,16695.493963
-0.003899,834,16709.54965
0.013373,834,16725.18348
-0.003617,834,16739.052077
-0.001571,834,16753.423345
-0.003816,834,16767.260279
-0.004421,834,16782.303148
0.034574,834,16798.275495
-0.002929,834,16812.119244
-0.002734,834,16825.909028
-0.002696,834,16841.264339
-0.004482,834,16855.70184
-0.002805,834,16870.037739
-0.002185,834,16882.522113
0.206742,834,16897.000172
-0.003242,834,16910.775168
2.213695,834,16923.822051
-0.003593,834,16937.728294
-0.003127,834,16952.191819
-0.003622,834,16966.745859
5.325319,834,16982.847197
-0.002579,834,16994.831577
-0.003697,834,17008.620917
-0.002505,834,17023.917787
-0.003103,834,17038.318506
-0.003081,834,17052.427883
-0.002775,834,17066.575107
-0.00309,834,17083.184477
-0.003147,834,17098.437422
0.368016,834,17110.703048
-0.003563,834,17126.658093
0.000629,834,17140.931886
-0.001574,834,17155.260009
-0.004596,834,17168.924243
-0.001874,834,17182.984812
-0.003712,834,17197.342805
-0.002679,834,17211.967801
-0.003948,834,17225.975937
-0.002107,834,17237.316968
-0.005395,834,17249.041848
-0.00258,834,17263.294777
-0.003976,834,17277.620207
-0.001503,834,17291.72608
-0.003106,834,17306.382345
1.930242,834,17322.251659
-0.003451,834,17337.876662
-0.001809,834,17353.338153
-0.002894,834,17365.353777
-0.004196,834,17380.473222
-0.004412,834,17395.58139
-0.002337,834,17409.867433
-0.002477,834,17424.266001
-0.001525,834,17439.609761
-0.001218,834,17453.932884
-0.004363,834,17468.208904
2.326218,834,17480.185125
-0.004298,834,17494.231999
-0.004481,834,17509.146122
-0.002079,834,17523.527283
-0.002763,834,17538.183532
0.536901,834,17553.174811
-0.002462,834,17568.14356
-0.001765,834,17582.851001
-0.00148,834,17596.319752
-0.004745,834,17610.265125
-0.003498,834,17624.58592
3.19341,834,17639.599648
-0.001645,834,17654.12328
-0.003774,834,17668.810781
-0.002703,834,17683.243279
-0.002766,834,17697.361665
-0.003978,834,17709.368908
-0.002746,834,17724.009526
-0.003083,834,17738.829471
-0.002779,834,17753.669452
-0.003238,834,17769.075716
-0.003474,834,17783.243862
-0.003953,834,17797.60324
-0.001486,834,17812.061722
-0.002671,834,17824.983592
1.12153,834,17839.553069
