mean 100 episode reward,current_lr,value_loss,time_elapsed,ent_coef_loss,episodes,eplenmean,n_updates,entropy,ent_coef,ep_rewmean,qf1_loss,qf2_loss,total timesteps,policy_loss,fps
0.0,0.00025,0.07086955,38,-8.846321,4,834.0,2337,11.669798,0.5568881,0.0001545,0.018115183,0.016837677,3336,-55.15096,86
0.0,0.00025,0.115367845,80,-21.51166,8,834.0,5673,11.534889,0.24189135,0.000111,0.007999333,0.008083397,6672,-78.57164,83
0.0,0.00025,0.0041522123,136,-33.83055,12,834.0,9009,11.596099,0.10510329,0.00020375000000000002,0.000907735,0.0044743884,10008,-79.66986,73
-0.0,0.00025,0.014352515,183,-45.556973,16,834.0,12345,10.965829,0.04594105,-0.0003563749999999999,0.029007459,0.037080064,13344,-72.98724,72
-0.0,0.00025,0.0021469523,231,-51.63082,20,834.0,15681,10.47366,0.020151118,-0.0006122999999999999,0.21357934,0.3147877,16680,-64.350296,71
-0.0,0.00025,0.0038085764,282,-53.49649,24,834.0,19017,10.192436,0.008910739,-0.000810875,0.0072774324,0.010367624,20016,-55.63636,70
-0.0,0.00025,0.0061901417,332,-64.78811,28,834.0,22353,10.357208,0.0039574513,-0.0010117142857142855,0.022721697,0.023520287,23352,-47.676453,70
-0.0,0.00025,0.0032608295,381,-69.53125,32,834.0,25689,9.997679,0.0017488959,-0.0011936874999999999,0.012109547,0.01770086,26688,-40.69205,69
-0.0,0.00025,0.007258474,428,-72.06262,36,834.0,29025,9.720276,0.0007752663,-0.0013721666666666665,0.04338076,0.04730557,30024,-34.748314,70
-0.0,0.00025,0.0005746177,472,-80.9939,40,834.0,32361,9.532931,0.00034681,-0.0014392250000000001,0.028344916,0.033120573,33360,-29.34795,70
-0.0,0.00025,0.00030769414,524,-64.37213,44,834.0,35697,9.5511265,0.00015612502,-0.0014132272727272728,0.007029104,0.011897809,36696,-24.92607,69
-0.0,0.00025,0.001684008,573,-0.73956203,48,834.0,39033,8.359148,7.269162e-05,-0.0014881666666666665,0.009988791,0.011184676,40032,-21.096794,69
-0.0,0.00025,0.0010342286,623,-69.791626,52,834.0,42369,9.609079,3.610727e-05,-0.0015290192307692305,0.0015902062,0.0016066106,43368,-17.901653,69
-0.0,0.00025,0.0117741525,671,10.548105,56,834.0,45705,6.039918,3.3400327e-05,-0.0016281785714285717,0.0012137282,0.0012292392,46704,-15.170583,69
-0.0,0.00025,0.00086569035,725,-79.093994,60,834.0,49041,9.4825535,2.9790446e-05,-0.0016715999999999999,0.00097008393,0.000812251,50040,-12.761734,69
-0.0,0.00025,0.001514606,788,360.69177,64,834.0,52377,-2.6187696,2.8118333e-05,-0.0016679531250000002,0.0023852498,0.0016821614,53376,-10.906713,67
-0.0,0.00025,0.0011798106,854,292.65958,68,834.0,55713,-0.7635958,6.928825e-05,-0.001841661764705883,0.0021682463,0.0022982906,56712,-9.0847645,66
-0.0,0.00025,0.000117601005,919,145.0145,72,834.0,59049,6.538806,0.00014684601,-0.0019317361111111113,0.0004327116,0.0006630837,60048,-7.482669,65
-0.0,0.00025,0.00058678695,977,77.3244,76,834.0,62385,3.859468,0.00027943437,-0.001968434210526316,0.0011595052,0.0008468816,63384,-6.0532193,64
-0.0,0.00025,0.0033755566,1027,64.69256,80,834.0,65721,3.886015,0.00050656823,-0.0019790000000000003,0.0012508278,0.0012536349,66720,-5.147981,64
-0.0,0.00025,0.000365811,1073,5.482496,84,834.0,69057,6.670784,0.0009526504,-0.002017440476190476,0.0010653902,0.0011482446,70056,-4.8375173,65
-0.0,0.00025,0.0007370995,1120,-6.6880393,88,834.0,72393,5.54023,0.0007249843,-0.002053340909090909,0.0011792196,0.0020820023,73392,-4.2252584,65
-0.0,0.00025,0.0044810497,1166,1.7710953,92,834.0,75729,5.725141,0.0007853559,-0.0020635000000000002,0.0005426052,0.00081038114,76728,-3.611479,65
-0.0,0.00025,0.00041279304,1211,2.1213522,96,834.0,79065,5.8511863,0.0008082468,-0.0020775208333333336,0.00042767034,0.00049750507,80064,-3.0819411,66
-0.0,0.00025,0.00040796923,1255,-6.3002586,100,834.0,82401,6.6154566,0.00069262716,-0.00213262,0.0005878081,0.0006409004,83400,-2.7186365,66
-0.0,0.00025,9.554741e-05,1301,-14.783438,104,834.0,85737,4.99842,0.00036365242,-0.00227793,0.00013853968,9.590898e-05,86736,-2.3525412,66
-0.0,0.00025,0.0008197387,1350,0.7308042,108,834.0,89073,5.3675756,0.00064088276,-0.0024310599999999996,0.0011390906,0.0011955707,90072,-1.9616165,66
-0.0,0.00025,0.00027455456,1396,6.276338,112,834.0,92409,4.854763,0.00045766393,-0.0025599200000000007,0.00053552183,0.00028523547,93408,-1.6989357,66
-0.0,0.00025,0.0011785002,1442,-7.25701,116,834.0,95745,6.0112495,0.00046854193,-0.002589179999999999,0.0005182844,0.00041609758,96744,-1.4387686,67
-0.0,0.00025,0.0001548246,1516,-0.35471416,120,834.0,99081,4.8177867,0.00039531963,-0.0026244299999999996,0.00017234735,0.00025723802,100080,-1.2294277,66
-0.0,0.00025,0.00016004195,1561,3.028287,124,834.0,102417,5.124468,0.00035059787,-0.0026655800000000003,0.00036566122,0.00035212474,103416,-1.000284,66
-0.0,0.00025,0.00027025078,1606,-9.9343,128,834.0,105753,5.745739,0.00038251473,-0.0026905700000000006,0.0004940354,0.00043511047,106752,-0.85712564,66
-0.0,0.00025,0.00015771683,1650,-10.004979,132,834.0,109089,5.810817,0.00032981765,-0.0027112399999999997,0.00011361737,0.00010179116,110088,-0.65642345,66
-0.0,0.00025,0.00012201523,1699,-1.8777027,136,834.0,112425,5.5465937,0.00031378545,-0.002674460000000001,0.0011175171,0.0010425147,113424,-0.6158107,66
-0.0,0.00025,0.000121410696,1746,-14.300421,140,834.0,115761,5.8858523,0.0002721171,-0.0026740300000000004,4.8042675e-05,6.579465e-05,116760,-0.5475891,66
-0.0,0.00025,0.00021163373,1793,1.4269238,144,834.0,119097,5.9620066,0.00026702113,-0.0027324699999999994,0.0001752457,0.00014481362,120096,-0.53802824,66
-0.0,0.00025,0.0002315242,1842,11.338909,148,834.0,122433,5.6001196,0.0002242237,-0.0027416499999999996,0.00086851727,0.0007860366,123432,-0.45527306,67
-0.0,0.00025,3.330243e-05,1888,2.4450774,152,834.0,125769,6.2460055,0.00020873772,-0.00275397,3.325266e-05,2.8619303e-05,126768,-0.4110824,67
-0.0,0.00025,6.2677784e-05,1935,14.420044,156,834.0,129105,5.705755,0.00019137505,-0.002746609999999999,5.461584e-05,3.8877064e-05,130104,-0.40715757,67
-0.0,0.00025,0.00014513082,1983,-4.9623404,160,834.0,132441,5.9127803,0.00018346266,-0.00233094,5.3817606e-05,3.7770093e-05,133440,-0.34466976,67
-0.0,0.00025,3.6595786e-05,2037,-16.113153,164,834.0,135777,5.6219788,0.00014910886,-0.0023644,4.0283077e-05,4.6029367e-05,136776,-0.30575442,67
-0.0,0.00025,1.5135411e-05,2083,-4.272356,168,834.0,139113,5.9514637,0.00013237869,-0.0022796399999999994,1.8866915e-05,1.8024417e-05,140112,-0.2948757,67
-0.0,0.00025,5.794839e-05,2129,-11.035264,172,834.0,142449,5.7636375,0.000104304636,-0.0012168999999999997,2.7310041e-05,2.2493405e-05,143448,-0.25837663,67
-0.0,0.00025,8.704789e-06,2176,-1.201581,176,834.0,145785,5.3862295,8.45889e-05,-0.00121027,1.1728643e-05,1.02272625e-05,146784,-0.2491337,67
-0.0,0.00025,1.3352759e-05,2225,14.547907,180,834.0,149121,5.570279,6.433129e-05,-0.0012129100000000002,4.999638e-06,6.289168e-06,150120,-0.19342357,67
0.0,0.00025,7.4470195e-06,2312,0.6395912,184,834.0,152457,4.828083,5.2936706e-05,0.020742629999999998,2.468947e-05,7.447946e-06,153456,-0.19394962,66
0.0,0.00025,5.9689146e-06,2367,0.867373,188,834.0,155793,5.200826,4.4303262e-05,0.02075097,4.119809e-06,2.6914743e-06,156792,-0.158871,66
0.0,0.00025,6.572684e-05,2413,-26.897705,192,834.0,159129,5.288728,3.6997844e-05,0.020803400000000007,5.2393516e-05,1.0683127e-05,160128,-0.12614372,66
0.0,0.00025,9.086342e-06,2455,-5.2622914,196,834.0,162465,5.159154,2.757487e-05,0.020754250000000002,1.9723435e-05,1.3208486e-05,163464,-0.10369147,66
0.0,0.00025,3.2002704e-06,2496,-16.9203,200,834.0,165801,5.544997,2.8151739e-05,0.02078529,2.7128813e-06,8.4731425e-07,166800,-0.08812216,66
0.0,0.00025,9.740148e-06,2539,-6.9602504,204,834.0,169137,5.9647837,2.303246e-05,0.02079858,3.2196301e-06,2.1900323e-05,170136,-0.063932374,66
0.0,0.00025,1.5758308e-06,2583,3.8412995,208,834.0,172473,5.769139,1.7839671e-05,0.02086789,1.3700885e-06,3.1261877e-06,173472,-0.04280076,67
0.0,0.00025,1.4859231e-06,2625,-12.743496,212,834.0,175809,6.728286,1.3116844e-05,0.02085729,3.2867724e-06,5.7487165e-07,176808,-0.021589357,67
0.0,0.00025,9.283298e-06,2666,-1.8164611,216,834.0,179145,6.365307,1.1600494e-05,0.020884040000000006,5.3558813e-07,3.355829e-06,180144,-0.012860381,67
0.0,0.00025,1.285307e-05,2707,9.365463,220,834.0,182481,6.66492,9.926281e-06,0.02088169,6.585346e-06,3.685469e-06,183480,-0.0065218876,67
0.0,0.00025,5.3518193e-06,2749,-6.127837,224,834.0,185817,6.7341647,9.036076e-06,0.020853520000000007,1.2578939e-05,1.0193574e-05,186816,0.007748289,67
0.0,0.00025,3.4414074e-06,2793,-1.4296982,228,834.0,189153,6.3932047,6.998379e-06,0.020842970000000002,1.1017684e-06,1.4482375e-06,190152,0.013609671,68
0.1,0.00025,2.422496e-05,2832,55.51503,232,834.0,192489,7.312703,7.360472e-06,0.0798618,1.7732906e-07,1.9486957e-07,193488,0.017302493,68
0.1,0.00025,1.5451611e-05,2873,13.339436,236,834.0,195825,8.003075,1.5745813e-05,0.07981514000000002,1.6954764e-06,4.0689456e-06,196824,0.017844886,68
0.1,0.00025,4.4388457e-06,2940,-4.639086,240,834.0,199161,8.241632,3.027606e-05,0.07976861000000002,7.859834e-06,6.462085e-07,200160,0.010231935,68
0.1,0.00025,2.573273e-06,2981,3.4313335,244,834.0,202497,7.705377,2.450598e-05,0.07974479000000001,5.9123863e-07,4.1140784e-06,203496,0.00936157,68
0.1,0.00025,2.6083362e-06,3026,-19.556318,248,834.0,205833,7.566094,1.765832e-05,0.07971981000000002,1.1230331e-06,6.1913204e-07,206832,0.014476819,68
0.1,0.00025,1.8607823e-06,3069,2.8406572,252,834.0,209169,6.406151,1.8498367e-05,0.07972382,1.459438e-06,6.578176e-06,210168,0.0018030736,68
0.1,0.00025,4.175542e-06,3113,-0.72592735,256,834.0,212505,7.004445,2.0515328e-05,0.07974727,9.4028115e-07,1.3124993e-06,213504,0.0040901206,68
0.1,0.00025,8.86095e-06,3154,19.36001,260,834.0,215841,6.3294935,2.4607878e-05,0.07935601,1.1852342e-06,1.8422296e-06,216840,-0.0111331,68
0.1,0.00025,1.1872173e-05,3195,3.9944563,264,834.0,219177,5.66236,2.931813e-05,0.07937278000000002,6.2638005e-06,6.8177715e-06,220176,-0.01196583,68
0.1,0.00025,6.1709716e-06,3236,43.288536,268,834.0,222513,6.441259,3.164171e-05,0.08886614999999999,3.539538e-06,3.1239254e-06,223512,-0.018983644,69
0.1,0.00025,2.5039039e-05,3278,4.1593313,272,834.0,225849,6.2324314,3.292339e-05,0.08787876,3.6592062e-06,3.4663733e-06,226848,-0.029746434,69
0.1,0.00025,1.5284171e-05,3319,17.324074,276,834.0,229185,6.0505867,3.4316137e-05,0.088475,6.5407053e-06,7.418722e-06,230184,-0.031403895,69
0.1,0.00025,4.8006505e-06,3361,-7.376257,280,834.0,232521,6.3571267,3.4701312e-05,0.08848478,3.136703e-06,1.3088775e-06,233520,-0.035062995,69
0.1,0.00025,1.8721676e-05,3402,17.275215,284,834.0,235857,6.21518,3.5122317e-05,0.06652389,5.990266e-06,5.510733e-06,236856,-0.027300524,69
0.1,0.00025,6.930618e-06,3443,37.89253,288,834.0,239193,7.2911606,3.6650912e-05,0.06730893,1.4595432e-06,9.499471e-07,240192,-0.024794148,69
0.1,0.00025,6.6521454e-05,3484,14.997601,292,834.0,242529,6.434311,4.1620493e-05,0.07624254,1.6877479e-05,9.804922e-06,243528,-0.044177383,69
0.1,0.00025,1.633874e-06,3526,-6.246107,296,834.0,245865,5.7620854,3.8554055e-05,0.07644778999999999,7.2556186e-06,7.6066726e-06,246864,-0.03461003,70
0.1,0.00025,7.6071233e-06,3568,-11.508369,300,834.0,249201,6.447958,4.2039115e-05,0.07778347,3.052052e-06,6.9851712e-06,250200,-0.03999333,70
0.1,0.00025,1.3735357e-05,3610,-7.7594404,304,834.0,252537,6.204755,4.260924e-05,0.07783836,1.594322e-05,1.8265802e-05,253536,-0.04311499,70
0.1,0.00025,1.2993803e-05,3652,11.977249,308,834.0,255873,6.7019854,4.7193647e-05,0.07783439999999998,5.9651757e-06,7.2137505e-06,256872,-0.058262665,70
0.1,0.00025,4.8766256e-06,3692,-0.9252825,312,834.0,259209,6.302476,4.43589e-05,0.07782779,2.794945e-06,1.910104e-06,260208,-0.052258153,70
0.1,0.00025,4.933237e-05,3734,1.379628,316,834.0,262545,5.863711,4.471419e-05,0.07785402000000001,1.2508714e-05,1.321246e-05,263544,-0.049191445,70
0.1,0.00025,5.4931224e-05,3773,-3.648861,320,834.0,265881,7.3485885,4.912415e-05,0.14259618000000004,1.6659738e-05,1.2404919e-05,266880,-0.04590573,70
0.2,0.00025,4.601335e-05,3813,26.75841,324,834.0,269217,6.463128,5.1920244e-05,0.22110986,1.3871879e-05,9.76565e-06,270216,-0.06481998,70
0.2,0.00025,6.651984e-06,3855,-3.6444643,328,834.0,272553,6.8351,6.314142e-05,0.23862702000000002,1.538768e-05,1.4673461e-05,273552,-0.057594977,70
0.2,0.00025,4.741516e-05,3896,8.195806,332,834.0,275889,6.10745,6.923957e-05,0.17964328999999998,1.499073e-05,1.6264228e-05,276888,-0.068795264,71
0.2,0.00025,1.4134489e-05,3937,-7.9751625,336,834.0,279225,6.9453526,7.11365e-05,0.17967094,5.260023e-06,1.2127479e-05,280224,-0.081612855,71
0.2,0.00025,1.4186374e-05,3976,0.48889732,340,834.0,282561,7.2112226,7.16459e-05,0.21744110000000003,5.1123798e-06,6.5563017e-06,283560,-0.079305895,71
0.2,0.00025,7.72209e-05,4015,-26.514442,344,834.0,285897,7.1002383,6.875134e-05,0.21747375000000002,1.3748423e-05,9.5727155e-06,286896,-0.076782845,71
0.2,0.00025,2.6486672e-05,4054,-9.666604,348,834.0,289233,6.9610615,7.035495e-05,0.21748669999999998,2.0234364e-05,9.105265e-06,290232,-0.07098754,71
0.2,0.00025,6.2685262e-06,4093,8.687977,352,834.0,292569,9.3209305,7.7196295e-05,0.21862251000000005,5.1041998e-06,1.0767999e-05,293568,-0.08365271,71
0.2,0.00025,2.3887993e-05,4132,4.0956116,356,834.0,295905,6.633765,8.0210986e-05,0.21855135000000003,2.2683433e-05,1.5357318e-05,296904,-0.11642375,71
0.2,0.00025,0.00017412314,4193,22.681889,360,834.0,299241,7.0050354,8.3862375e-05,0.22332715,2.0167037e-05,4.4552795e-05,300240,-0.11882124,71
0.2,0.00025,1.9436466e-05,4232,-4.679657,364,834.0,302577,6.596413,8.536453e-05,0.24162042,1.1636329e-05,7.4512695e-06,303576,-0.11404726,71
0.2,0.00025,9.811275e-06,4271,-4.608118,368,834.0,305913,6.9817286,9.25033e-05,0.23212245000000004,1.1895514e-05,1.0874084e-05,306912,-0.10364973,71
0.3,0.00025,2.268499e-05,4312,19.127346,372,834.0,309249,6.651753,9.0304304e-05,0.25256959999999995,1.073324e-05,1.4364567e-05,310248,-0.14517406,71
0.3,0.00025,1.8952742e-05,4352,53.460636,376,834.0,312585,7.6114473,9.030413e-05,0.25210896,1.4684025e-05,1.43924535e-05,313584,-0.13764167,72
0.3,0.00025,6.0013434e-05,4392,23.314306,380,834.0,315921,7.0052857,0.00010400337,0.25210469,3.141369e-05,5.312691e-05,316920,-0.15392935,72
0.3,0.00025,8.319892e-05,4433,-4.215091,384,834.0,319257,7.726255,0.00010834108,0.25280932,7.1327944e-05,2.2390876e-05,320256,-0.17817459,72
0.3,0.00025,2.5842479e-05,4473,-1.201973,388,834.0,322593,6.9268956,0.000105288054,0.25300456000000004,3.3886135e-05,1.953364e-05,323592,-0.14345643,72
0.2,0.00025,9.710207e-06,4514,-3.295315,392,834.0,325929,6.5018454,0.00010209141,0.24397193,1.5087528e-05,2.2428363e-05,326928,-0.19822308,72
0.2,0.00025,5.542049e-05,4556,-7.285585,396,834.0,329265,6.4098997,9.882138e-05,0.24380206000000004,3.00358e-05,1.7658182e-05,330264,-0.13842788,72
0.2,0.00025,7.307801e-05,4595,-9.620622,400,834.0,332601,6.38123,0.00010917228,0.24322533999999998,2.4712714e-05,1.2628685e-05,333600,-0.1699416,72
0.2,0.00025,1.7086497e-05,4635,-4.146158,404,834.0,335937,6.6450458,0.00011983953,0.24367656000000001,2.3800116e-05,1.3157518e-05,336936,-0.19721983,72
0.2,0.00025,0.00011510725,4674,-0.77672315,408,834.0,339273,6.6791615,0.0001176305,0.24406091,3.2580807e-05,3.3544413e-05,340272,-0.21156144,72
0.2,0.00025,6.2870786e-05,4714,9.272932,412,834.0,342609,5.888941,0.00011572809,0.24469675999999999,0.00012143067,0.00013203493,343608,-0.2772493,72
0.3,0.00025,1.1720649e-05,4753,-9.093428,416,834.0,345945,6.538864,0.000116024145,0.25820318999999997,1.1560084e-05,1.6991984e-05,346944,-0.22327986,72
0.2,0.00025,1.4566694e-05,4792,-1.855542,420,834.0,349281,5.9596653,0.00011118429,0.19341756999999998,4.3128683e-05,4.148838e-05,350280,-0.23491722,73
0.2,0.00025,2.2230684e-05,4845,-2.7763982,424,834.0,352617,6.0619326,0.000116336814,0.20484462,1.7923001e-05,1.8599181e-05,353616,-0.2543278,72
0.2,0.00025,1.4138189e-05,4894,11.726803,428,834.0,355953,5.6941085,0.00011485936,0.18826688,1.4828917e-05,1.5030875e-05,356952,-0.25601888,72
0.2,0.00025,2.1431566e-05,4940,-8.645912,432,834.0,359289,5.7427397,0.000110955596,0.21097883000000003,3.903824e-05,2.9558232e-05,360288,-0.30214572,72
0.3,0.00025,2.249345e-05,4986,-12.312783,436,834.0,362625,6.245692,0.00010885602,0.26850982,0.00068514113,0.0007154472,363624,-0.2657966,72
0.2,0.00025,1.4826929e-05,5033,-1.3327024,440,834.0,365961,6.613592,0.00011343268,0.23077397000000002,6.260444e-05,6.500811e-05,366960,-0.25404656,72
0.2,0.00025,1.3405306e-05,5084,1.454644,444,834.0,369297,6.4513,0.000102123646,0.23614901999999996,1.3662583e-05,1.1120029e-05,370296,-0.27415055,72
0.2,0.00025,1.2909282e-05,5129,-6.144892,448,834.0,372633,6.594798,9.807283e-05,0.23902979,1.1634464e-05,2.049206e-05,373632,-0.24562228,72
0.2,0.00025,7.80737e-06,5172,-9.719757,452,834.0,375969,5.746309,9.473128e-05,0.23960562,0.00015095875,0.00016057855,376968,-0.28136775,72
0.3,0.00025,1.0183512e-05,5217,3.9697988,456,834.0,379305,5.943695,8.6000175e-05,0.2900601399999999,7.891101e-06,8.315652e-06,380304,-0.2510466,72
0.3,0.00025,1.1343222e-05,5263,-11.1757145,460,834.0,382641,5.425494,7.298684e-05,0.29269349,6.3056445e-06,7.3629e-06,383640,-0.2190037,72
0.3,0.00025,3.0245257e-05,5315,11.9673605,464,834.0,385977,5.45431,7.370689e-05,0.34775034000000005,0.00018180218,0.00018046056,386976,-0.2070097,72
0.3,0.00025,7.106851e-05,5358,-12.0901,468,834.0,389313,5.986327,7.535449e-05,0.34770502000000003,2.292883e-05,3.2554006e-05,390312,-0.21481228,72
0.3,0.00025,8.037467e-06,5412,24.877773,472,834.0,392649,6.3841696,8.658917e-05,0.3299324,7.843836e-05,9.214552e-05,393648,-0.18198454,72
0.4,0.00025,1.2711989e-05,5458,8.4298115,476,834.0,395985,6.243049,8.3308056e-05,0.36702568999999996,6.524878e-05,6.597852e-05,396984,-0.19065738,72
0.4,0.00025,2.0446892e-05,5532,-3.0043542,480,834.0,399321,5.7401376,7.7173325e-05,0.36775306,1.004735e-05,4.9130313e-06,400320,-0.18570402,72
0.4,0.00025,4.52314e-06,5578,8.857663,484,834.0,402657,5.7841425,7.158921e-05,0.43705215000000003,1.2560817e-05,8.0540385e-06,403656,-0.17300808,72
0.4,0.00025,1.6741084e-05,5624,1.0632763,488,834.0,405993,5.8589387,7.157017e-05,0.43605428999999996,1.8776393e-05,1.3559695e-05,406992,-0.18338656,72
0.4,0.00025,6.143755e-06,5670,0.86167574,492,834.0,409329,6.3659563,7.411183e-05,0.44007942,6.652447e-06,4.5377637e-06,410328,-0.16784653,72
0.5,0.00025,1.1979917e-05,5716,25.815739,496,834.0,412665,6.4704757,8.0185906e-05,0.45899331,6.4661335e-06,4.317176e-06,413664,-0.14751185,72
0.5,0.00025,1.3335603e-05,5765,6.689484,500,834.0,416001,6.8673306,8.92067e-05,0.50364974,1.4800357e-05,1.0680613e-05,417000,-0.1487885,72
0.5,0.00025,1.2159264e-05,5813,3.1087914,504,834.0,419337,6.5780525,9.493088e-05,0.52038821,1.1459339e-05,5.7374036e-06,420336,-0.17053047,72
0.5,0.00025,5.858482e-06,5863,-0.57620084,508,834.0,422673,6.317668,8.349569e-05,0.54164124,1.2014616e-05,8.7121225e-06,423672,-0.1412937,72
0.6,0.00025,1.8958646e-05,5915,2.6307678,512,834.0,426009,6.9121714,8.8410656e-05,0.5907581499999999,1.7647397e-05,1.2271326e-05,427008,-0.1420067,72
0.6,0.00025,1.5170488e-05,5986,-8.476351,516,834.0,429345,6.348467,9.052487e-05,0.57979825,2.3167846e-05,2.050181e-05,430344,-0.18069279,71
0.6,0.00025,1.901242e-05,6042,-11.616418,520,834.0,432681,6.4570684,8.920151e-05,0.5807893,1.24276885e-05,1.0858503e-05,433680,-0.12547342,71
0.5,0.00025,2.9555407e-05,6104,-4.925746,524,834.0,436017,6.2900276,8.243594e-05,0.4908897099999999,1.1386925e-05,1.698494e-05,437016,-0.119406566,71
0.5,0.00025,1.6716198e-05,6178,8.111352,528,834.0,439353,6.1246834,7.967427e-05,0.508933,5.05153e-05,5.141185e-05,440352,-0.14329171,71
0.5,0.00025,2.6755537e-05,6244,1.6602583,532,834.0,442689,6.083009,8.147421e-05,0.50527029,6.6241905e-06,7.631688e-06,443688,-0.12154737,71
0.5,0.00025,2.9835759e-05,6305,3.983395,536,834.0,446025,5.766453,7.5632386e-05,0.47901063,1.2217075e-05,1.9059999e-05,447024,-0.11559351,70
0.5,0.00025,6.105238e-05,6373,9.962155,540,834.0,449361,6.1246233,7.682914e-05,0.48063354999999996,1.4613882e-05,9.052523e-06,450360,-0.120908,70
0.5,0.00025,5.534067e-05,6435,-2.6134403,544,834.0,452697,5.1489086,7.4346644e-05,0.4790094999999999,1.6294573e-05,5.560388e-05,453696,-0.12058398,70
0.5,0.00025,8.488294e-06,6499,4.304359,548,834.0,456033,5.7462273,7.027938e-05,0.47615184,1.5950742e-05,9.989496e-06,457032,-0.12065829,70
0.5,0.00025,8.851091e-06,6551,-14.340788,552,834.0,459369,6.5481114,7.378602e-05,0.47439675000000003,0.00015431813,0.00015839981,460368,-0.07895292,70
0.4,0.00025,0.00020185634,6606,7.655034,556,834.0,462705,5.553177,7.0757465e-05,0.42694829,6.126556e-05,6.9234935e-05,463704,-0.10499027,70
0.4,0.00025,0.00011080364,6664,-1.855031,560,834.0,466041,5.9899015,6.968852e-05,0.41948985000000005,3.980683e-05,2.1941898e-05,467040,-0.10374084,70
0.4,0.00025,1.1475506e-05,6725,6.788726,564,834.0,469377,5.7797976,6.847834e-05,0.39023084999999996,1.0914593e-05,9.065433e-06,470376,-0.12254362,69
0.4,0.00025,0.00012104385,6787,-9.087142,568,834.0,472713,6.3606358,6.91249e-05,0.39073164,3.0607698e-05,4.4915934e-05,473712,-0.09786716,69
0.4,0.00025,2.23225e-05,6842,24.07267,572,834.0,476049,6.011307,7.323632e-05,0.38804523999999996,3.6987465e-05,4.1106712e-05,477048,-0.111294754,69
0.4,0.00025,4.0910207e-05,6901,13.24423,576,834.0,479385,5.6833053,7.382508e-05,0.38523984,1.2644904e-05,2.2627723e-05,480384,-0.14490786,69
0.4,0.00025,9.24274e-06,6966,-2.5083158,580,834.0,482721,6.0368896,8.0231264e-05,0.43152964999999993,2.3196326e-05,2.0361382e-05,483720,-0.112939686,69
0.4,0.00025,3.8080172e-05,7033,-7.6334367,584,834.0,486057,5.597277,7.8982644e-05,0.36154569,9.959489e-05,0.00012497432,487056,-0.11979018,69
0.4,0.00025,1.7725102e-05,7101,-9.070877,588,834.0,489393,5.9309006,7.994134e-05,0.40428595999999994,1.062218e-05,1.329896e-05,490392,-0.12461114,69
0.4,0.00025,7.77011e-05,7147,2.8996298,592,834.0,492729,5.715596,8.2962775e-05,0.41590958,2.579968e-05,5.242041e-05,493728,-0.13750274,69
0.4,0.00025,2.0133499e-05,7194,-4.3581944,596,834.0,496065,5.9629607,8.472874e-05,0.40506745999999993,1.7338882e-05,2.1653239e-05,497064,-0.14900178,69
0.5,0.00025,2.3634962e-05,7289,31.738083,600,834.0,499401,6.3189154,9.099564e-05,0.47086944,1.6734008e-05,9.8553155e-06,500400,-0.1484774,68
0.5,0.00025,1.26506675e-05,7335,-0.843709,604,834.0,502737,5.244936,8.21639e-05,0.5332599699999999,1.8801436e-05,1.805113e-05,503736,-0.15460576,68
0.5,0.00025,3.513133e-05,7384,3.4398975,608,834.0,506073,5.5368204,7.935683e-05,0.51339602,1.475456e-05,2.5107503e-05,507072,-0.16716585,68
0.5,0.00025,2.4843488e-05,7433,-4.7230105,612,834.0,509409,5.76524,7.606191e-05,0.48405463,1.2799121e-05,1.0469288e-05,510408,-0.13752681,68
0.5,0.00025,0.00027552876,7480,17.325346,616,834.0,512745,5.728501,7.114077e-05,0.4814618,6.5019485e-05,7.413539e-05,513744,-0.18154137,68
0.5,0.00025,1.748088e-05,7535,9.81263,620,834.0,516081,5.399418,6.9449336e-05,0.48878816,2.2634045e-05,1.2835795e-05,517080,-0.1716331,68
0.5,0.00025,1.181885e-05,7584,9.076658,624,834.0,519417,5.2799797,6.9718764e-05,0.48880562999999994,1.1232809e-05,1.0009042e-05,520416,-0.16473806,68
0.5,0.00025,3.8559236e-05,7631,-2.967578,628,834.0,522753,5.518321,7.414534e-05,0.47389839999999994,1.9059837e-05,1.1335688e-05,523752,-0.12434555,68
0.5,0.00025,6.4378764e-05,7679,5.293185,632,834.0,526089,5.482136,7.1639e-05,0.5255838599999999,4.5711167e-05,3.4494202e-05,527088,-0.13050026,68
0.5,0.00025,2.4891768e-05,7726,5.417383,636,834.0,529425,5.6666813,7.508526e-05,0.50753597,2.0942662e-05,1.6083191e-05,530424,-0.15836583,68
0.5,0.00025,2.8698196e-05,7776,-3.1143665,640,834.0,532761,6.0499277,7.519899e-05,0.5059111000000001,2.2241267e-05,2.8589002e-05,533760,-0.13310204,68
0.5,0.00025,2.4734869e-05,7849,4.082832,644,834.0,536097,5.9739933,7.300759e-05,0.5021499899999999,0.0002906939,0.00023572067,537096,-0.15045452,68
0.6,0.00025,7.860092e-05,7919,-5.4759836,648,834.0,539433,5.68723,6.956249e-05,0.60421613,3.6743375e-05,3.1497875e-05,540432,-0.10431247,68
0.6,0.00025,1.6247646e-05,7995,-5.8912225,652,834.0,542769,6.177257,7.20569e-05,0.60422199,1.6447815e-05,1.7509878e-05,543768,-0.1307364,68
0.6,0.00025,0.00018917877,8058,-1.4955087,656,834.0,546105,5.5898733,7.390609e-05,0.61045569,4.8241713e-05,7.3703646e-05,547104,-0.1248727,67
0.7,0.00025,1.0715361e-05,8104,-6.7503915,660,834.0,549441,5.9880657,7.123827e-05,0.6671826299999998,1.5731906e-05,9.934715e-06,550440,-0.12840703,67
0.7,0.00025,6.153772e-06,8148,-12.010006,664,834.0,552777,6.0589404,7.60495e-05,0.6996438500000001,1.0839241e-05,1.0754405e-05,553776,-0.15862107,67
0.7,0.00025,1.8160023e-05,8193,28.300512,668,834.0,556113,5.6077595,7.792086e-05,0.72022274,8.152734e-06,6.8708205e-06,557112,-0.13301355,67
0.8,0.00025,5.4923643e-05,8257,1.6809006,672,834.0,559449,6.51835,8.3898456e-05,0.78129249,1.4105545e-05,1.6678383e-05,560448,-0.18029262,67
0.8,0.00025,2.07657e-05,8333,-2.6118631,676,834.0,562785,6.518506,8.3140825e-05,0.7733133000000001,1.1740998e-05,1.091846e-05,563784,-0.14242853,67
0.8,0.00025,5.4636905e-05,8410,6.627088,680,834.0,566121,6.427163,8.284868e-05,0.7571715,1.2831134e-05,3.4905053e-05,567120,-0.18499842,67
0.8,0.00025,5.550478e-05,8486,-1.1933031,684,834.0,569457,6.3087273,8.756066e-05,0.7571337000000001,1.0145903e-05,1.7910186e-05,570456,-0.15084872,67
0.7,0.00025,1.1662715e-05,8562,-8.88378,688,834.0,572793,6.5505486,8.8325796e-05,0.7145136799999999,0.0013389731,0.0013038546,573792,-0.15495762,67
0.7,0.00025,1.7416143e-05,8641,-9.564262,692,834.0,576129,5.980543,8.6177184e-05,0.6989043599999999,1.3404314e-05,1.3449228e-05,577128,-0.1655743,66
0.7,0.00025,0.00015933425,8717,10.602461,696,834.0,579465,7.362715,8.975018e-05,0.69080363,2.5234436e-05,4.982928e-05,580464,-0.18492009,66
0.6,0.00025,9.2750655e-05,8785,-10.921082,700,834.0,582801,6.6401653,8.976833e-05,0.6049506299999999,4.121352e-05,3.365146e-05,583800,-0.11494073,66
0.6,0.00025,8.8939676e-05,8858,-26.402914,704,834.0,586137,6.479452,8.311657e-05,0.57028862,4.4433753e-05,4.2378597e-05,587136,-0.14893568,66
0.6,0.00025,7.199763e-05,8941,28.401424,708,834.0,589473,5.6659603,7.7817036e-05,0.60922317,4.242623e-05,5.5229164e-05,590472,-0.19287232,66
0.6,0.00025,0.00013412922,9036,9.270005,712,834.0,592809,6.163455,7.542048e-05,0.61532704,3.2632095e-05,2.2983346e-05,593808,-0.20702639,65
0.6,0.00025,6.460841e-05,9113,15.607262,716,834.0,596145,5.8570094,7.538561e-05,0.6153259099999999,5.7379337e-05,9.2949194e-05,597144,-0.20111871,65
0.6,0.00025,6.994294e-05,9244,-0.03806925,720,834.0,599481,5.98795,7.1245675e-05,0.61515007,1.7330865e-05,2.582089e-05,600480,-0.20931855,64
0.6,0.00025,3.1317533e-05,9321,-11.642578,724,834.0,602817,6.3263955,7.132378e-05,0.6444124600000001,1.8396788e-05,1.3185524e-05,603816,-0.17986454,64
0.7,0.00025,5.5869755e-06,9407,5.1169453,728,834.0,606153,5.9117427,7.2338094e-05,0.6588127800000001,8.548237e-06,5.0303606e-06,607152,-0.17517933,64
0.6,0.00025,1.7426435e-05,9486,-5.756943,732,834.0,609489,6.107006,6.842801e-05,0.62526029,1.0023718e-05,1.2082282e-05,610488,-0.15695399,64
0.6,0.00025,1.7948525e-05,9558,18.012667,736,834.0,612825,6.2882404,7.032879e-05,0.62867097,2.1679887e-05,1.8888588e-05,613824,-0.16791672,64
0.6,0.00025,6.752397e-06,9664,-6.4411564,740,834.0,616161,6.18478,7.144851e-05,0.6292390200000001,2.1221795e-05,1.8845727e-05,617160,-0.1684222,63
0.6,0.00025,3.273337e-05,9795,8.992078,744,834.0,619497,5.5225973,7.080594e-05,0.6292471000000001,0.00010630167,5.3228003e-05,620496,-0.19822958,63
0.5,0.00025,1.2609487e-05,9906,-2.4556649,748,834.0,622833,5.731701,6.575958e-05,0.5477032900000001,1.6553755e-05,8.719608e-06,623832,-0.18786037,62
0.6,0.00025,0.00014658584,9983,-11.227921,752,834.0,626169,6.152807,6.428713e-05,0.60100629,5.324577e-05,2.3607688e-05,627168,-0.14511032,62
0.7,0.00025,4.841115e-05,10058,-9.302967,756,834.0,629505,6.113722,6.802038e-05,0.6594748600000001,1.2460478e-05,2.339952e-05,630504,-0.12933314,62
0.6,0.00025,9.79192e-05,10128,-3.8612716,760,834.0,632841,6.425096,7.091223e-05,0.6178301600000001,4.5655615e-05,7.72679e-05,633840,-0.14656141,62
0.5,0.00025,4.238412e-05,10224,-27.808132,764,834.0,636177,6.5073366,7.4967276e-05,0.54148482,4.9238326e-05,6.183555e-05,637176,-0.1257894,62
0.6,0.00025,0.00016168426,10340,5.4919376,768,834.0,639513,6.148366,7.237066e-05,0.5734175,5.503212e-05,6.5163455e-05,640512,-0.11793472,61
0.5,0.00025,9.963629e-06,10444,-3.9989874,772,834.0,642849,6.1968284,7.47253e-05,0.5161355699999999,5.906624e-06,5.1908146e-06,643848,-0.15213802,61
0.5,0.00025,3.4211807e-05,10556,-6.329053,776,834.0,646185,6.1167183,7.147999e-05,0.49234038999999996,3.4776967e-05,3.806573e-05,647184,-0.15196073,61
0.5,0.00025,1.4347381e-05,10656,9.443493,780,834.0,649521,6.4944234,7.2023446e-05,0.5041787299999999,2.429693e-05,1.581966e-05,650520,-0.11831748,61
0.5,0.00025,1.9918307e-05,10773,-17.472424,784,834.0,652857,6.948426,7.97423e-05,0.54857077,0.00037303468,0.00037324708,653856,-0.13873476,60
0.6,0.00025,2.5913714e-05,10876,12.609688,788,834.0,656193,6.279516,8.1230515e-05,0.64883747,0.00013822917,0.00011317972,657192,-0.13545269,60
0.7,0.00025,1.9839457e-05,10983,-6.2348537,792,834.0,659529,6.1630664,8.3565945e-05,0.7289169399999998,2.3776885e-05,1.6765287e-05,660528,-0.15596302,60
0.8,0.00025,1.8719213e-05,11087,8.247156,796,834.0,662865,7.0032005,9.227941e-05,0.7675996099999998,1.638546e-05,1.532922e-05,663864,-0.107058376,59
0.8,0.00025,2.3058346e-05,11187,1.4815731,800,834.0,666201,6.5445347,8.742924e-05,0.8221561,4.7768273e-05,1.9773202e-05,667200,-0.1400905,59
0.8,0.00025,1.1278777e-05,11276,14.701681,804,834.0,669537,6.0522213,9.333424e-05,0.8107132,7.369574e-05,3.9448372e-05,670536,-0.15135221,59
0.8,0.00025,3.1694355e-05,11367,7.3685217,808,834.0,672873,6.4648213,9.1511094e-05,0.8388658600000001,2.330895e-05,1.4022476e-05,673872,-0.13478419,59
0.9,0.00025,1.1234763e-05,11460,9.676209,812,834.0,676209,6.2488527,8.72569e-05,0.8743153599999998,2.5727932e-05,1.2297081e-05,677208,-0.15867823,59
0.9,0.00025,1.0060259e-05,11551,8.298556,816,834.0,679545,6.3732715,8.546383e-05,0.89691399,8.367889e-06,7.6136816e-06,680544,-0.165492,58
0.9,0.00025,1.9278297e-05,11646,-9.504265,820,834.0,682881,7.1288157,8.398227e-05,0.88903914,6.569995e-06,1.6658872e-05,683880,-0.11546423,58
0.9,0.00025,1.0187181e-05,11753,4.35023,824,834.0,686217,6.4269075,7.959498e-05,0.93284147,1.5294143e-05,1.03713355e-05,687216,-0.12707594,58
0.9,0.00025,1.6657796e-05,11862,-2.8276658,828,834.0,689553,7.1816278,8.5435386e-05,0.9144199499999999,1.7381637e-05,1.1155253e-05,690552,-0.11612411,58
0.9,0.00025,3.1825155e-05,11962,-6.725836,832,834.0,692889,7.1446676,8.554056e-05,0.9489898899999999,2.4938658e-05,2.1457567e-05,693888,-0.12053999,58
0.9,0.00025,3.178447e-05,12062,-4.7676125,836,834.0,696225,6.727045,8.6054075e-05,0.9344746099999999,1.9331039e-05,1.3478388e-05,697224,-0.12748954,57
1.0,0.00025,3.2495518e-05,12248,-9.246079,840,834.0,699561,6.573207,8.584883e-05,0.9785110499999999,3.2750664e-05,2.6516767e-05,700560,-0.112811625,57
1.0,0.00025,3.243311e-05,12340,-3.7610536,844,834.0,702897,6.642824,8.790781e-05,0.9786306099999998,1.5631698e-05,1.5227861e-05,703896,-0.10021953,57
1.0,0.00025,2.460623e-05,12437,6.5347967,848,834.0,706233,6.9704657,8.993054e-05,0.9580619699999998,1.0883148e-05,1.2197906e-05,707232,-0.1022796,56
0.9,0.00025,1.7539569e-05,12535,17.758808,852,834.0,709569,6.6521797,8.300915e-05,0.90478309,1.9750363e-05,1.91861e-05,710568,-0.13624543,56
0.8,0.00025,6.8888156e-05,12634,20.827007,856,834.0,712905,6.2740374,8.216147e-05,0.83708148,9.088562e-05,9.018096e-05,713904,-0.11824456,56
0.8,0.00025,0.000118657685,12711,-5.030574,860,834.0,716241,7.588292,8.57683e-05,0.83336712,4.890247e-05,4.9484654e-05,717240,-0.07915907,56
0.9,0.00025,9.5267205e-06,12770,6.52919,864,834.0,719577,6.9572105,9.2401206e-05,0.8516897199999999,1.9048763e-05,1.5533371e-05,720576,-0.14580114,56
0.9,0.00025,3.573454e-05,12831,-0.24522734,868,834.0,722913,7.195811,8.947048e-05,0.8511991099999999,1.2696746e-05,2.4476125e-05,723912,-0.15100513,56
0.8,0.00025,0.00012446479,12895,7.6860986,872,834.0,726249,7.042312,8.399068e-05,0.8473399699999998,0.00017223835,0.00010440364,727248,-0.1449304,56
0.8,0.00025,4.2953696e-05,12965,5.8308916,876,834.0,729585,6.7402287,8.46491e-05,0.84466058,1.8914165e-05,2.2403754e-05,730584,-0.09933573,56
0.8,0.00025,5.0459937e-05,13034,-4.141734,880,834.0,732921,6.6882353,8.309833e-05,0.8028421299999999,3.991546e-05,1.4357435e-05,733920,-0.12515873,56
0.8,0.00025,2.8171433e-05,13093,-12.5677,884,834.0,736257,7.3075476,8.893318e-05,0.75846912,8.350727e-06,1.0547744e-05,737256,-0.08335289,56
0.7,0.00025,3.9419363e-05,13154,-6.618029,888,834.0,739593,6.9589725,8.548755e-05,0.6580674699999999,1.7842041e-05,2.9096482e-05,740592,-0.101578414,56
0.6,0.00025,9.65035e-05,13219,-3.137702,892,834.0,742929,7.274604,8.431756e-05,0.59479374,3.7982787e-05,5.3461466e-05,743928,-0.07334237,56
0.6,0.00025,0.00019445027,13279,-14.222065,896,834.0,746265,7.1677227,8.496623e-05,0.5564650999999999,0.00024118213,0.00021606137,747264,-0.08128941,56
0.5,0.00025,2.4370162e-05,13340,14.771492,900,834.0,749601,6.758244,8.7714274e-05,0.4770032800000001,3.7400252e-05,1.14594695e-05,750600,-0.114562705,56
0.4,0.00025,0.00011008045,13398,8.141412,904,834.0,752937,6.880369,8.1448336e-05,0.44345575000000004,4.7772966e-05,4.1320345e-05,753936,-0.059509974,56
0.4,0.00025,2.017689e-05,13457,13.673962,908,834.0,756273,7.6471324,8.18296e-05,0.37456432999999995,4.4280885e-05,2.7730483e-05,757272,-0.0809834,56
0.3,0.00025,3.0334353e-05,13518,-7.002595,912,834.0,759609,7.1193943,7.568463e-05,0.31260330000000003,3.245841e-05,1.8514318e-05,760608,-0.06383409,56
0.3,0.00025,9.786067e-06,13577,-12.172965,916,834.0,762945,7.3782926,7.5900534e-05,0.32364687000000003,9.030935e-06,6.530787e-06,763944,-0.033013105,56
0.3,0.00025,1.9188337e-05,13639,-1.7371092,920,834.0,766281,7.039913,6.917007e-05,0.32340503,1.420101e-05,9.536274e-06,767280,-0.054250985,56
0.3,0.00025,4.5998815e-05,13699,-5.7400603,924,834.0,769617,7.3626795,6.693371e-05,0.25073272,1.7265222e-05,1.4381003e-05,770616,-0.004655878,56
0.3,0.00025,2.0707193e-05,13760,2.8330843,928,834.0,772953,6.9234495,6.846554e-05,0.25070909999999996,1.3593643e-05,3.0858446e-05,773952,-0.06485613,56
0.2,0.00025,1.2916456e-05,13821,8.198288,932,834.0,776289,7.307349,7.09125e-05,0.17890762,1.0428697e-05,5.6469403e-06,777288,-0.02869805,56
0.2,0.00025,2.7086333e-05,13880,-2.973666,936,834.0,779625,7.010991,7.374971e-05,0.22850808000000003,1.45881195e-05,2.0265568e-05,780624,-0.016388591,56
0.2,0.00025,5.3168722e-05,13942,-14.757433,940,834.0,782961,7.503133,7.778142e-05,0.18388668,4.833123e-05,2.6412534e-05,783960,-0.044380754,56
0.2,0.00025,3.1042193e-05,14003,2.1989071,944,834.0,786297,6.9733143,7.641271e-05,0.18380228,1.5232658e-05,9.352159e-06,787296,-0.032833785,56
0.2,0.00025,7.859159e-06,14063,1.3623766,948,834.0,789633,7.159316,7.471867e-05,0.18381308000000005,7.571155e-06,1.0612921e-05,790632,-0.046890154,56
0.3,0.00025,5.3042168e-05,14124,-3.1464462,952,834.0,792969,7.375431,7.330508e-05,0.31802425999999995,7.6124675e-06,2.3209881e-05,793968,-0.085064635,56
0.3,0.00025,3.4590666e-05,14181,10.991087,956,834.0,796305,7.3994637,6.921818e-05,0.32964910000000003,2.3724922e-05,1.8714376e-05,797304,-0.061061084,56
0.3,0.00025,3.471783e-05,14275,9.675382,960,834.0,799641,7.385889,7.443788e-05,0.31823831,6.735493e-05,6.5009925e-05,800640,-0.046022117,56
0.3,0.00025,6.6183593e-06,14335,-5.56266,964,834.0,802977,6.878192,6.939386e-05,0.29967675000000005,1.4204505e-05,6.80994e-06,803976,-0.045733713,56
0.3,0.00025,1.0548036e-05,14391,17.545404,968,834.0,806313,8.077581,6.945477e-05,0.26930489,9.195697e-06,7.3435294e-06,807312,-0.06532113,56
0.3,0.00025,1.2797869e-05,14450,7.6726437,972,834.0,809649,7.4248514,6.745945e-05,0.26933313000000003,9.640766e-06,8.593708e-06,810648,-0.06552182,56
0.3,0.00025,1.4725516e-05,14512,-11.408445,976,834.0,812985,7.40841,6.5988126e-05,0.26949544000000003,9.276555e-06,5.7108527e-06,813984,-0.049021848,56
0.3,0.00025,1.570204e-05,14569,11.977212,980,834.0,816321,7.5256658,6.76646e-05,0.28903762,2.8229274e-06,3.6523707e-06,817320,-0.04035978,56
0.3,0.00025,1.0448566e-05,14630,9.1222515,984,834.0,819657,7.620908,6.684485e-05,0.29183473000000004,1.1158159e-05,1.1131415e-05,820656,-0.062442757,56
0.3,0.00025,1.8304092e-05,14690,-4.029565,988,834.0,822993,7.466659,6.958518e-05,0.29184579000000005,1.9140227e-05,1.0579715e-05,823992,-0.0654046,56
0.3,0.00025,1.6755725e-05,14748,31.347454,992,834.0,826329,7.416263,7.303357e-05,0.30066297000000003,2.115066e-05,1.2764435e-05,827328,-0.07964887,56
0.3,0.00025,5.6860417e-06,14807,-7.260356,996,834.0,829665,7.5994473,7.278589e-05,0.30033934000000007,4.4628127e-06,3.7299517e-06,830664,-0.06634138,56
0.3,0.00025,0.00018635811,14863,-14.676284,1000,834.0,833001,8.187713,7.233561e-05,0.3005068,8.667887e-05,7.521888e-05,834000,-0.02419259,56
0.3,0.00025,1.148855e-05,14923,11.925016,1004,834.0,836337,7.384801,7.5976575e-05,0.30987118,1.4620428e-05,7.811417e-06,837336,-0.05952155,56
0.3,0.00025,7.613191e-06,14979,-15.478216,1008,834.0,839673,7.785076,6.947299e-05,0.3098686,4.8305037e-06,6.3724083e-06,840672,-0.044960894,56
0.4,0.00025,4.543922e-05,15045,1.5725217,1012,834.0,843009,7.3327026,6.6227636e-05,0.38379300000000005,8.658057e-06,1.1845113e-05,844008,-0.05165682,56
0.4,0.00025,9.828362e-06,15103,-19.276978,1016,834.0,846345,8.065228,7.045655e-05,0.35237816,1.1274192e-05,3.975234e-06,847344,-0.03465599,56
0.4,0.00025,3.3468343e-05,15160,-11.121052,1020,834.0,849681,7.859516,7.2078205e-05,0.35236885,4.4033146e-05,1.7576931e-05,850680,-0.024184864,56
0.4,0.00025,0.00011902777,15221,-1.2356455,1024,834.0,853017,8.074533,7.800368e-05,0.35191855000000005,1.0675102e-05,2.316133e-05,854016,-0.028496541,56
0.4,0.00025,4.080783e-05,15277,-8.138019,1028,834.0,856353,7.834473,7.277055e-05,0.35189362,1.4622126e-05,1.7696733e-05,857352,-0.04955992,56
0.4,0.00025,6.7766174e-05,15341,12.511021,1032,834.0,859689,7.3264284,8.034489e-05,0.35191922,2.9415225e-05,1.7423925e-05,860688,-0.048644073,56
0.4,0.00025,2.3171528e-05,15400,3.1017342,1036,834.0,863025,7.468403,8.117112e-05,0.35203229,1.3131945e-05,1.0707303e-05,864024,-0.07309368,56
0.4,0.00025,1.1675915e-05,15462,13.84471,1040,834.0,866361,7.251211,9.428838e-05,0.35233297,2.273477e-05,1.2380683e-05,867360,-0.06858571,56
0.4,0.00025,0.00024136514,15523,-8.468392,1044,834.0,869697,7.3264112,9.0423746e-05,0.35226915000000003,5.8422538e-05,7.519461e-05,870696,-0.06854229,56
0.4,0.00025,7.648388e-06,15594,4.1859417,1048,834.0,873033,7.388095,8.713682e-05,0.3773468200000001,2.5500562e-05,3.806172e-05,874032,-0.06062831,56
0.2,0.00025,0.00031609304,15654,4.5047297,1052,834.0,876369,7.2271595,8.440984e-05,0.24312351000000004,9.115796e-05,7.890994e-05,877368,-0.10237926,56
0.2,0.00025,8.52524e-05,15715,12.57571,1056,834.0,879705,6.8403373,8.540826e-05,0.23156014999999996,9.0167494e-05,8.157801e-05,880704,-0.098907664,56
0.2,0.00025,1.9704268e-05,15778,0.7928977,1060,834.0,883041,7.453719,8.164416e-05,0.23160090999999997,2.206607e-05,1.6152251e-05,884040,-0.07358131,56
0.2,0.00025,5.5350007e-05,15838,-5.0593224,1064,834.0,886377,7.6558275,8.690461e-05,0.23160922000000003,2.2003187e-05,1.7717532e-05,887376,-0.06288114,56
0.2,0.00025,2.9482893e-05,15899,1.1245235,1068,834.0,889713,6.9866633,8.7313754e-05,0.21337894999999996,1.4339905e-05,1.808846e-05,890712,-0.075168245,56
0.2,0.00025,1.1902618e-05,15957,-3.092838,1072,834.0,893049,8.291428,9.161431e-05,0.21362676999999997,1.0427522e-05,9.517217e-06,894048,-0.0454633,56
0.2,0.00025,1.1340318e-05,16016,2.229188,1076,834.0,896385,7.0976515,8.28995e-05,0.22935863000000004,2.249014e-05,2.0476396e-05,897384,-0.06677735,56
0.2,0.00025,9.772311e-06,16119,1.7244394,1080,834.0,899721,7.1915884,7.944535e-05,0.24025251,1.3442945e-05,1.06367115e-05,900720,-0.075849734,55
0.2,0.00025,3.0287913e-05,16178,-12.130095,1084,834.0,903057,7.6778474,7.682365e-05,0.23742744,2.8820903e-05,1.4735351e-05,904056,-0.057324946,55
0.3,0.00025,7.680069e-05,16236,-24.71747,1088,834.0,906393,7.3640184,7.2315124e-05,0.33325756,2.2514349e-05,2.576999e-05,907392,-0.015910594,55
0.3,0.00025,0.00012376904,16296,6.115871,1092,834.0,909729,7.804599,7.179638e-05,0.30760565,2.4734498e-05,3.920489e-05,910728,-0.037117265,55
0.3,0.00025,1.182003e-05,16355,11.439376,1096,834.0,913065,7.195635,6.580099e-05,0.3284374399999999,1.1156459e-05,1.6163769e-05,914064,-0.045684323,55
0.3,0.00025,1.2516903e-05,16416,4.3185143,1100,834.0,916401,7.409139,7.223441e-05,0.32779948000000003,2.6894302e-05,2.6800746e-05,917400,-0.044159483,55
0.3,0.00025,0.00010302749,16473,-1.9941597,1104,834.0,919737,7.346348,6.971112e-05,0.33384801,3.2780084e-05,2.746619e-05,920736,-0.062372345,55
0.4,0.00025,1.5081692e-05,16534,6.7432694,1108,834.0,923073,7.5338225,6.605871e-05,0.38362761,2.8648823e-05,7.099028e-05,924072,-0.05709119,55
0.3,0.00025,1.0629365e-05,16592,-5.063687,1112,834.0,926409,7.9210157,7.406725e-05,0.32151699,4.138706e-05,2.7334341e-05,927408,-0.031707637,55
0.3,0.00025,2.0411391e-05,16651,2.8112974,1116,834.0,929745,7.681115,7.100623e-05,0.31924919,2.0153482e-05,1.7920032e-05,930744,-0.050287127,55
0.3,0.00025,3.900067e-06,16707,-11.184734,1120,834.0,933081,7.6793156,7.071301e-05,0.31920803999999997,7.2453644e-05,7.294239e-05,934080,-0.02624987,55
0.3,0.00025,1.1650121e-05,16764,-13.141003,1124,834.0,936417,7.6752534,7.462311e-05,0.31939248000000003,2.262936e-05,8.448611e-06,937416,-0.026746733,55
0.3,0.00025,3.1141848e-05,16823,-15.915313,1128,834.0,939753,7.608878,8.011734e-05,0.31975585999999995,7.009966e-05,6.45011e-05,940752,-0.07019752,55
0.3,0.00025,2.6956952e-05,16880,43.06096,1132,834.0,943089,7.879266,8.07484e-05,0.31974218,2.8051923e-05,2.8847448e-05,944088,-0.06793416,55
0.3,0.00025,5.5676173e-05,16935,0.024123192,1136,834.0,946425,7.7585735,7.7446566e-05,0.29214006000000003,1.2089874e-05,1.7163135e-05,947424,-0.043413095,55
0.3,0.00025,3.4609653e-05,16992,-11.1714115,1140,834.0,949761,7.7854853,7.291734e-05,0.34511165000000005,8.3838495e-06,1.1415725e-05,950760,-0.06834973,55
0.3,0.00025,8.426088e-06,17050,-19.149914,1144,834.0,953097,7.104461,6.577658e-05,0.34511421999999997,9.231217e-06,1.1155087e-05,954096,-0.031089174,55
0.3,0.00025,2.3358776e-05,17108,6.752157,1148,834.0,956433,7.1759872,7.077879e-05,0.3237527,2.5075886e-05,1.4450771e-05,957432,-0.04993105,55
0.3,0.00025,1.5140735e-05,17166,-2.6323385,1152,834.0,959769,7.8305016,7.9046775e-05,0.32377634000000016,8.621673e-06,8.045738e-06,960768,-0.04335142,55
0.3,0.00025,1.9623956e-05,17223,10.536709,1156,834.0,963105,6.851961,7.510066e-05,0.32374305,2.3734714e-05,7.297618e-06,964104,-0.055543836,55
0.3,0.00025,1.2564333e-05,17275,1.7838459,1160,834.0,966441,6.9268904,7.0490285e-05,0.32372068,1.0040616e-05,5.5888186e-06,967440,-0.048053928,56
0.3,0.00025,2.5265195e-05,17335,-2.2000294,1164,834.0,969777,6.3571053,6.726762e-05,0.34304737,1.6484082e-05,1.2389382e-05,970776,-0.022161106,55
0.3,0.00025,5.740764e-05,17393,12.258581,1168,834.0,973113,6.692422,6.523975e-05,0.33914464,1.4516836e-05,2.3473129e-05,974112,-0.06903818,56
0.3,0.00025,9.9180525e-06,17451,-2.27458,1172,834.0,976449,7.5822487,6.5658e-05,0.33893937,7.337057e-06,6.2119752e-06,977448,-0.025424756,56
0.3,0.00025,1.2105893e-05,17506,3.6707067,1176,834.0,979785,6.718273,6.620819e-05,0.3463047600000001,1.092527e-05,7.298232e-06,980784,-0.082822606,56
0.3,0.00025,0.00025698112,17565,-2.774953,1180,834.0,983121,7.901417,7.724733e-05,0.32035372,0.00012303216,0.00016034482,984120,-0.060239412,56
0.3,0.00025,1.4149171e-05,17622,2.4440231,1184,834.0,986457,6.627594,7.425396e-05,0.32038261000000007,0.00072028424,0.0007181594,987456,-0.058918953,56
0.3,0.00025,1.176395e-05,17680,27.538858,1188,834.0,989793,6.6251287,7.6283904e-05,0.25653054,1.212753e-05,1.1559034e-05,990792,-0.08121528,56
0.3,0.00025,8.369712e-06,17736,26.836456,1192,834.0,993129,6.1473455,7.661177e-05,0.25653244000000003,1.2888036e-05,1.0106263e-05,994128,-0.1019381,56
0.2,0.00025,3.004717e-05,17795,12.625778,1196,834.0,996465,7.410321,7.6494296e-05,0.23567454000000002,1.5897602e-05,1.0263389e-05,997464,-0.022257324,56
