#{"t_start": 1745342930.04313, "env_id": null}
r,l,t
-13.237398,251,7.282973
-5.530926,251,11.122991
-13.596789,251,15.542704
-13.051093,251,22.462834
-6.174108,251,28.307922
-18.8218,251,35.162731
-6.747401,251,41.752759
-2.193803,251,48.622745
-5.007866,251,55.537081
-3.048972,251,62.902003
-17.731412,251,70.421126
-20.940818,251,81.967664
-5.49932,251,88.102732
-0.612841,251,94.278158
-11.338603,251,101.214475
-2.68686,251,108.027834
-7.488267,251,114.190724
-18.746549,251,122.479553
-11.344212,251,129.097554
-9.002571,251,136.260076
-9.067952,251,143.57232
-8.942406,251,150.348504
-13.752837,251,157.391772
-14.614735,251,164.508818
-6.286173,251,171.805816
-9.52116,251,179.307927
-7.900942,251,186.451928
-13.284994,251,193.617055
-18.766419,251,200.868254
-8.2298,251,207.856778
-23.953153,251,215.197776
-8.542812,251,222.45404
-11.450958,251,229.84627
-12.011633,251,237.667726
-14.897823,251,244.511005
-17.058974,251,251.740673
-18.839094,251,258.452043
-20.327254,251,264.836944
-13.086643,251,270.270074
-17.180658,251,275.299267
-18.770458,251,280.53838
-15.718769,251,288.923849
-7.661936,251,294.390968
-16.111667,251,299.586968
-19.18114,251,304.389074
-14.677439,251,309.120085
-17.746068,251,313.757076
-10.477617,251,318.35708
-7.469438,251,322.888074
-14.29181,251,327.716083
-5.817331,251,332.24108
-16.219058,251,336.892082
-13.291647,251,341.828741
-7.041438,251,346.349743
-8.638965,251,351.085744
-8.616994,251,356.721875
-6.88806,251,361.270266
-20.619713,251,365.997265
-13.420344,251,370.564262
-17.266947,251,375.159267
-11.05607,251,381.347006
-10.046332,251,387.750049
-9.240384,251,393.172909
-8.536076,251,398.202907
-15.682998,251,403.583191
-26.754973,251,408.888192
-18.518974,251,414.613192
-18.087202,251,419.652194
-13.883875,251,424.62919
-10.592669,251,429.462187
-23.465041,251,434.333193
-16.568191,251,439.897191
-9.382745,251,444.750186
-17.981955,251,450.546379
-17.786368,251,458.019388
-17.85069,251,462.955378
-10.949524,251,467.688378
-6.261998,251,472.558386
-18.887866,251,477.616392
-11.529939,251,482.560384
-15.339237,251,487.998926
-18.17495,251,493.732736
-14.454776,251,498.827307
-14.5195,251,503.860302
-4.380409,251,508.628302
-20.005266,251,513.307303
-9.696895,251,518.085302
-16.279652,251,524.273818
-23.772746,251,530.527856
-10.483976,251,536.005407
-11.323967,251,540.641404
-8.685036,251,545.404403
-14.996413,251,550.100401
-6.865179,251,555.129683
-6.771848,251,560.244696
-6.401882,251,564.99868
-19.948731,251,571.316992
-10.933009,251,576.717301
-11.144648,251,582.548127
-8.023235,251,588.418943
-26.253279,251,594.315603
-5.819767,251,600.317973
-22.81455,251,605.773924
-21.1875,251,611.25381
-19.517041,251,616.924636
-8.169205,251,622.577963
-20.308875,251,628.463973
-15.499292,251,634.210888
-16.372375,251,642.864126
-13.102207,251,649.171198
-13.952423,251,655.191833
-18.326965,251,661.144935
-9.714326,251,667.951226
-14.930556,251,673.950031
-8.199663,251,679.609027
-18.01055,251,685.243031
-12.567267,251,690.904032
-14.064391,251,696.104033
-13.990486,251,701.393357
-11.902348,251,706.701432
-12.057384,251,711.823436
-18.462275,251,717.120438
-18.078531,251,723.390255
-6.634056,251,730.70212
-5.466646,251,737.392215
-6.495714,251,742.365741
-6.764261,251,747.434741
-22.635261,251,752.312736
-4.480174,251,757.975739
-6.830362,251,763.956742
-12.463025,251,769.110739
-4.983534,251,774.305892
-4.663313,251,779.535894
-7.870675,251,784.715895
-18.814392,251,788.962893
-9.782483,251,792.888898
-6.737867,251,796.997898
0.515171,251,801.429285
-2.817342,251,806.453535
-12.621125,251,810.629536
-8.925204,251,815.153902
-6.937969,251,821.382902
-17.822439,251,829.154903
-10.260546,251,834.9431
-11.553833,251,839.846849
-12.547673,251,844.604882
-18.568448,251,849.174524
-5.878945,251,854.048504
-7.902076,251,858.803119
-7.057292,251,863.53372
-10.766804,251,868.557777
-6.711024,251,873.478503
-17.14439,251,878.023415
-6.635641,251,882.488041
-8.487392,251,886.968143
-3.929639,251,892.598387
-15.778117,251,898.64349
-2.864349,251,903.746181
-8.701148,251,908.35596
-7.354507,251,912.806917
-6.442745,251,917.218186
-10.80546,251,921.788192
-6.11839,251,926.203485
-8.744266,251,930.953407
-4.155565,251,935.506418
-11.852258,251,941.138569
-6.623646,251,946.768398
-4.84626,251,952.87595
-7.336011,251,957.743443
-8.136602,251,962.998345
-16.27813,251,968.325814
-21.668953,251,977.838421
0.950117,251,983.197149
-3.62333,251,988.240181
-16.798048,251,993.183148
-1.200483,251,998.233372
-9.646617,251,1002.910553
-16.923486,251,1008.653562
-1.199793,251,1014.138215
-21.141044,251,1019.11326
-10.470646,251,1024.476593
-17.415336,251,1029.864214
-1.015593,251,1034.973382
-8.321841,251,1040.658902
-13.660274,251,1046.761566
-5.924358,251,1052.35531
-2.697804,251,1057.971306
-3.996969,251,1063.03326
-13.685039,251,1068.793186
-4.418584,251,1075.556148
-11.641872,251,1081.473494
-6.505745,251,1087.305805
-14.077663,251,1093.228576
-22.6877,251,1098.83957
-12.88924,251,1103.784754
-15.484355,251,1110.081561
-8.369843,251,1115.470715
-8.427095,251,1120.513289
-14.108933,251,1125.573253
-4.985274,251,1130.598361
-9.805708,251,1135.888568
-6.880304,251,1141.099202
-9.351404,251,1145.973485
-23.700596,251,1151.203524
-13.417401,251,1156.27353
-10.267242,251,1161.258264
-11.052957,251,1166.844713
-12.657961,251,1172.163354
-12.870013,251,1177.638391
-14.197916,251,1183.567761
-14.273638,251,1189.18065
-1.236936,251,1194.372653
-14.881474,251,1199.252935
-20.938539,251,1204.463746
-11.875593,251,1209.287498
-3.663994,251,1214.848457
-8.604639,251,1220.493813
-20.564043,251,1225.834216
-6.76921,251,1230.593467
-5.658339,251,1235.08823
-2.492154,251,1240.398158
-11.128464,251,1245.83133
-15.792506,251,1250.326576
-11.742051,251,1255.926427
-9.06474,251,1261.829159
-6.517776,251,1267.201699
-18.064613,251,1272.32369
-10.054188,251,1277.483691
-8.300443,251,1282.416689
-8.528586,251,1287.630217
-3.476799,251,1293.062284
-4.483715,251,1299.140003
-5.849873,251,1307.500934
-7.599238,251,1314.919462
-8.02974,251,1321.235561
-6.555954,251,1326.740265
-5.232182,251,1331.708434
-4.960089,251,1337.243803
-16.946116,251,1342.682626
-12.973829,251,1347.853702
-0.411798,251,1353.373695
-6.747457,251,1358.852102
-17.200704,251,1364.338293
-9.341647,251,1369.438514
-18.961377,251,1375.193723
-4.827928,251,1380.158646
-16.947612,251,1384.738054
-17.255951,251,1390.205708
-16.291465,251,1395.415864
-13.867385,251,1400.523583
-14.222644,251,1405.278792
-15.687849,251,1410.45347
-16.773887,251,1415.623759
-11.803154,251,1420.750544
-8.419891,251,1425.673486
-6.026458,251,1432.021485
1.057144,251,1437.652471
-16.342231,251,1443.729618
0.833958,251,1449.503667
-5.53349,251,1454.32869
-3.63105,251,1460.145209
-13.04367,251,1465.833318
-9.053032,251,1471.893541
-3.375356,251,1477.440606
-9.423009,251,1482.661473
-0.045876,251,1487.44838
-13.527305,251,1492.63363
-6.021409,251,1497.538638
0.266411,251,1502.755049
-7.230603,251,1507.729598
-3.8918,251,1515.228757
-2.385323,251,1523.370547
-8.369115,251,1530.565075
-4.209588,251,1536.916079
-5.873517,251,1548.096616
-3.36732,251,1555.815617
-3.408944,251,1576.971672
-12.528281,251,1584.083428
-10.729356,251,1591.390463
-15.529708,251,1600.747419
-5.414244,251,1604.352703
-9.008963,251,1607.825565
-5.194109,251,1611.45237
-7.670001,251,1617.284984
-0.025889,251,1622.214751
-14.414972,251,1629.660211
-0.964735,251,1636.850702
-6.630564,251,1646.096351
0.98169,251,1654.315213
-1.125324,251,1661.337156
-11.278617,251,1666.25066
-16.658598,251,1671.549012
-12.9302,251,1677.734637
-7.630595,251,1682.926171
-13.221165,251,1688.463019
1.235147,251,1694.102023
-6.916693,251,1699.942365
-15.245993,251,1704.856341
-7.452779,251,1709.658484
-1.640794,251,1714.239675
-6.814757,251,1719.632615
-1.878544,251,1724.414055
-6.498937,251,1729.026596
1.625533,251,1733.58605
-8.808297,251,1738.934832
-6.589312,251,1743.50945
-10.979852,251,1748.03798
-10.064824,251,1752.766456
-13.486096,251,1757.316498
-15.156637,251,1761.84477
-1.315896,251,1766.210228
-0.69385,251,1770.753381
-16.058705,251,1775.883545
-14.782028,251,1781.178174
-6.50994,251,1785.806062
-2.914708,251,1790.449742
-8.54339,251,1795.23154
-9.302943,251,1799.643543
2.493907,251,1804.271694
-7.650364,251,1808.568333
-2.979354,251,1814.048291
-1.275845,251,1818.360836
-6.066462,251,1822.957872
-1.145569,251,1827.463764
-7.279258,251,1831.945023
-7.287659,251,1836.426219
-7.613014,251,1841.208017
-6.404188,251,1845.867328
-18.942001,251,1850.533491
-14.492823,251,1855.607398
0.853116,251,1860.846314
-1.556609,251,1866.899228
-6.619118,251,1871.844293
-8.893263,251,1876.503658
-2.261406,251,1881.251945
-13.445316,251,1886.93343
-9.46212,251,1892.871977
-15.9964,251,1898.479182
-9.755128,251,1903.760955
-13.846871,251,1908.320127
-3.397743,251,1912.886254
-9.069188,251,1917.851834
-7.226661,251,1922.639669
-7.441529,251,1927.233479
-11.083834,251,1932.07889
-0.901955,251,1936.493253
-11.714843,251,1941.193259
-11.237327,251,1945.564003
-11.108424,251,1950.187917
-1.399849,251,1954.714756
-17.642236,251,1959.675609
-13.504255,251,1964.062224
-5.408603,251,1968.861389
-1.900854,251,1974.004799
1.486754,251,1978.709483
-8.8364,251,1983.247418
-14.465816,251,1987.600776
-5.912808,251,1992.192724
-15.180619,251,1996.621536
-3.492805,251,2001.212913
-7.677277,251,2005.74378
-4.501253,251,2010.278988
-9.400281,251,2015.118707
0.824835,251,2020.017267
-9.073929,251,2024.593997
-9.539198,251,2029.231763
-15.724969,251,2033.95832
1.191825,251,2040.060816
-5.305493,251,2045.301529
-5.134834,251,2050.979601
2.847836,251,2056.024262
-13.418712,251,2060.73974
1.656231,251,2065.476191
-6.851362,251,2070.756996
-15.367302,251,2076.194333
-7.469026,251,2081.206975
-6.493684,251,2085.709785
-7.934012,251,2090.593004
-12.158581,251,2095.407974
-1.684571,251,2100.524894
-11.158393,251,2105.107764
-5.857511,251,2109.594659
-6.018735,251,2114.207293
-1.545698,251,2119.013589
-2.490424,251,2123.457304
-2.050048,251,2128.157375
-5.80113,251,2132.970647
-12.228437,251,2137.613089
-5.230207,251,2142.308511
-11.146921,251,2146.768364
-4.411574,251,2151.312176
-15.943196,251,2155.776436
-7.076605,251,2160.499266
-1.477374,251,2165.104417
-11.372847,251,2169.783973
-6.588789,251,2174.469409
-1.48354,251,2179.039986
-10.137399,251,2183.53116
-14.202868,251,2216.270144
-4.9866,251,2220.047633
-1.984189,251,2223.967318
-5.42923,251,2227.587998
-2.090349,251,2231.429897
-6.053385,251,2235.584456
-4.959339,251,2239.656153
-1.016858,251,2244.339833
-5.101423,251,2248.907695
-10.037708,251,2253.48257
-5.408276,251,2258.049609
-13.361502,251,2262.655522
-15.635582,251,2267.099576
-11.899393,251,2271.721272
-12.032145,251,2276.23533
-0.676276,251,2280.918187
-3.197805,251,2285.930473
-13.432141,251,2290.743487
-5.325955,251,2297.368348
2.365185,251,2302.330021
-7.646061,251,2307.369058
-6.393771,251,2312.298714
-5.803863,251,2317.266344
-7.212573,251,2322.712125
-9.632052,251,2327.48619
-3.403222,251,2332.39999
-14.953991,251,2337.807426
-11.27335,251,2342.644377
-3.900558,251,2347.371283
-4.043045,251,2352.068496
-4.705331,251,2356.762657
-9.348851,251,2362.067655
-8.300295,251,2367.145411
-6.104443,251,2372.679171
-13.363501,251,2378.117708
-15.435397,251,2383.10917
-8.363728,251,2387.809028
-0.427288,251,2392.315553
-5.329025,251,2396.891816
-13.335985,251,2401.43958
-9.720165,251,2406.019418
1.801817,251,2410.923614
-3.319448,251,2415.591033
2.332207,251,2420.092761
3.58387,251,2424.98463
-9.584517,251,2429.684766
-9.60805,251,2434.369985
2.695792,251,2439.39843
0.362747,251,2444.294731
-5.779775,251,2448.775603
-12.22132,251,2453.436238
-1.061738,251,2458.230465
-11.702528,251,2462.695191
-12.425474,251,2467.721556
-12.394696,251,2472.453995
-0.305186,251,2476.94594
-7.675979,251,2481.358557
-5.951436,251,2485.745813
-2.575206,251,2490.800683
-0.970237,251,2495.272685
-0.026316,251,2499.836989
-2.141385,251,2504.421216
-14.473955,251,2508.989055
-10.269285,251,2513.599954
-13.46017,251,2517.945338
-7.532956,251,2522.57709
-1.503724,251,2527.029649
-2.365036,251,2531.375972
0.201982,251,2536.037421
-6.61265,251,2540.695123
-4.048852,251,2545.256471
-1.813768,251,2549.835817
-9.32014,251,2554.431829
-5.255987,251,2559.178768
-9.745996,251,2563.702316
-3.589203,251,2568.219851
0.924741,251,2573.007355
-22.347279,251,2577.965436
-8.338921,251,2582.635975
-8.041851,251,2587.330924
-12.045251,251,2592.428144
-7.920282,251,2596.9518
-7.255691,251,2601.667746
-3.5354,251,2606.24263
-5.494369,251,2610.61961
-9.186839,251,2615.262088
-16.569641,251,2620.339428
-13.555926,251,2625.090876
-3.448773,251,2629.342148
-3.247862,251,2634.281701
-4.935982,251,2639.066061
-9.173784,251,2643.880069
2.832562,251,2648.470703
-2.006091,251,2653.290536
-3.502951,251,2657.574079
-6.79226,251,2662.543394
-1.475845,251,2667.457033
-11.253117,251,2671.995253
-8.693288,251,2676.560723
-4.599115,251,2681.343791
-13.149561,251,2685.700602
-17.480208,251,2690.218423
-2.042085,251,2694.638368
-7.067261,251,2699.026531
-1.747117,251,2703.942772
-5.198381,251,2708.674528
-6.082477,251,2713.221098
-13.134462,251,2717.775348
-13.288647,251,2722.391086
-5.731612,251,2727.023709
-2.56041,251,2731.491153
-3.256794,251,2736.065711
-3.135267,251,2740.754638
-10.622306,251,2745.391968
-5.933331,251,2749.968878
-4.757132,251,2754.439845
-11.070111,251,2758.92122
-12.597932,251,2763.495032
-4.66672,251,2768.0616
-3.766268,251,2773.031051
-15.957617,251,2778.044641
-11.648538,251,2782.816933
1.039137,251,2787.468967
-7.731637,251,2792.023337
-14.124332,251,2796.893718
0.16782,251,2801.540887
-9.153757,251,2806.020804
-4.641201,251,2810.590864
-1.787334,251,2815.096761
-3.597685,251,2819.749896
-0.242795,251,2824.336582
-1.225711,251,2829.264629
-10.43893,251,2833.996879
-10.056721,251,2838.800757
-7.976593,251,2843.414031
-9.016709,251,2847.963946
-1.336807,251,2852.455196
-15.289801,251,2857.082385
-6.348521,251,2861.704848
-10.041936,251,2866.21224
-6.099521,251,2871.098327
-2.419434,251,2875.709002
-2.013925,251,2880.218183
-6.688993,251,2884.611097
-5.799319,251,2889.134256
-2.193917,251,2893.752178
-6.802396,251,2898.374012
1.29296,251,2902.708958
-10.566405,251,2907.305768
-0.969828,251,2911.758775
-8.861446,251,2916.071457
1.34509,251,2920.854366
-14.155621,251,2925.34463
-7.520005,251,2929.962398
0.128348,251,2934.503906
-7.509944,251,2939.232014
1.044052,251,2943.837074
-8.794864,251,2948.261594
-8.297411,251,2952.842294
0.470862,251,2957.221505
-6.201148,251,2962.009369
0.951601,251,2966.626564
-2.826794,251,2971.228715
-8.920276,251,2975.762385
-15.387463,251,2980.337159
-5.097017,251,2984.839289
-3.851128,251,2989.743234
-11.212112,251,2994.220562
-11.618748,251,2998.702172
-6.757136,251,3003.161945
-8.166046,251,3007.562514
-0.117996,251,3012.486995
-11.650587,251,3017.38065
1.396099,251,3022.670801
-7.203928,251,3027.185617
-0.261099,251,3031.796929
-6.349818,251,3036.376049
-2.07165,251,3041.165452
0.565004,251,3045.669479
1.085259,251,3050.927337
-6.956563,251,3055.417818
-1.226893,251,3060.035608
-3.350781,251,3064.59028
-2.515805,251,3069.035453
-15.31061,251,3073.769176
-17.623494,251,3078.428217
-10.351981,251,3083.238221
-10.180489,251,3088.213559
-7.374128,251,3093.027373
-4.286335,251,3097.967626
-5.711028,251,3102.45324
-10.903543,251,3107.363229
-10.345967,251,3112.057305
2.50841,251,3116.589249
-8.11087,251,3121.130612
-8.575801,251,3125.464602
-1.729033,251,3130.222389
-14.773563,251,3134.844695
-12.10268,251,3139.487976
-1.070188,251,3145.319136
-5.784597,251,3150.014326
-5.435168,251,3154.537395
0.375123,251,3159.336837
-5.822199,251,3164.192399
-9.987861,251,3168.804173
-10.899949,251,3173.471166
-6.02248,251,3178.138661
-2.191254,251,3183.475004
-8.584826,251,3188.055349
-12.702953,251,3192.684053
-9.902309,251,3198.284689
-3.81273,251,3202.917621
-3.155436,251,3207.507121
-0.108948,251,3212.088557
-2.270021,251,3216.6346
2.561667,251,3221.318641
-4.869919,251,3225.777648
-1.459863,251,3230.341867
-8.089924,251,3234.928602
-7.27163,251,3239.564481
3.303442,251,3244.233177
-6.003937,251,3248.729092
-5.938434,251,3253.703536
-10.731415,251,3258.214938
-1.402529,251,3262.733147
-11.926306,251,3267.681868
-9.51593,251,3272.290285
-9.105173,251,3277.303314
-7.305154,251,3281.920167
-4.883147,251,3286.691885
-1.823718,251,3291.6747
-9.932967,251,3296.181091
-8.461039,251,3300.624703
0.533101,251,3305.340915
-0.228157,251,3310.319781
-1.910262,251,3314.929048
-8.547964,251,3319.388498
-2.981149,251,3324.00591
-0.068808,251,3328.556957
-1.400179,251,3333.13822
-10.883959,251,3337.57152
0.847703,251,3342.313776
0.512444,251,3347.092495
-12.282134,251,3351.43306
-3.251448,251,3356.097152
-3.691083,251,3360.837592
-2.412722,251,3365.426735
-2.799263,251,3370.131607
-3.887014,251,3374.826829
-12.33627,251,3379.583642
-8.854558,251,3384.290381
-5.014921,251,3389.067312
-6.786629,251,3393.623413
-3.93492,251,3398.431738
0.393283,251,3403.255288
-1.09848,251,3407.93853
-2.983414,251,3412.571533
-3.981857,251,3417.20254
-5.569533,251,3421.721551
-7.418152,251,3426.442115
-9.236067,251,3431.439935
-10.891054,251,3436.078638
-6.759715,251,3441.100686
-12.463064,251,3445.926342
-11.433798,251,3450.694427
-2.862884,251,3455.73829
0.297933,251,3460.739491
2.568378,251,3465.439219
-5.091594,251,3469.963207
-5.258979,251,3473.912944
-7.342035,251,3477.697786
-4.477529,251,3481.418718
-6.123689,251,3485.185754
-1.523383,251,3488.906931
3.040326,251,3494.013825
-5.990201,251,3498.77545
-11.69793,251,3503.325026
-3.288274,251,3508.055441
-12.134418,251,3512.929605
-1.685842,251,3517.71752
-1.228666,251,3522.553196
-7.124773,251,3527.278221
-2.388961,251,3531.683512
-3.752698,251,3536.716551
-2.308776,251,3541.655445
-10.215524,251,3546.495782
-6.707375,251,3551.104683
-0.096726,251,3555.757733
-2.389258,251,3560.619328
-1.881641,251,3565.475735
-0.0341,251,3570.079631
1.461627,251,3574.708939
-13.884972,251,3579.251387
2.620539,251,3583.925795
-11.930426,251,3588.616756
1.883364,251,3593.447178
-13.976711,251,3598.685697
-10.751114,251,3603.438402
-4.776945,251,3607.971621
-13.376514,251,3612.612883
-5.100729,251,3617.322409
-3.093129,251,3621.959811
-7.032773,251,3626.741776
-4.559698,251,3631.47771
-4.00981,251,3635.93225
-5.37574,251,3640.449827
3.57238,251,3645.193548
-10.32392,251,3650.043838
-9.245222,251,3654.654987
-9.905627,251,3659.275605
-9.631453,251,3663.987784
-4.452991,251,3668.59321
-1.656413,251,3673.330481
-5.832611,251,3677.951256
2.877986,251,3682.949737
-15.035222,251,3688.021493
0.391056,251,3692.489397
-12.755689,251,3696.823749
-5.930059,251,3701.787172
-2.896543,251,3706.491537
3.517887,251,3711.071162
-9.958352,251,3716.021834
-8.4782,251,3720.749016
-7.58582,251,3725.402446
-2.635563,251,3730.096506
-1.600626,251,3735.065454
-7.500895,251,3739.48934
-6.219484,251,3744.086791
-8.342458,251,3748.660521
-5.385369,251,3753.309041
-7.811707,251,3758.01034
-8.660224,251,3762.737022
-4.436676,251,3767.19676
-2.786364,251,3771.760563
-3.812964,251,3776.557296
-11.942591,251,3781.168495
-17.373273,251,3785.868955
-9.804458,251,3790.533032
-9.365435,251,3795.507231
-0.699668,251,3800.373949
-21.079677,251,3804.94638
-9.614674,251,3809.426428
-4.068113,251,3814.182278
-13.931157,251,3818.709491
-4.065873,251,3823.201501
-4.220408,251,3827.723673
-10.955094,251,3832.311311
-2.147403,251,3837.26605
1.208993,251,3841.693934
-13.288172,251,3846.112835
-5.760083,251,3851.052288
-5.450879,251,3855.758453
-5.028502,251,3860.358998
-1.13694,251,3865.352032
-3.691163,251,3870.259185
-3.248562,251,3875.346991
1.738914,251,3880.061582
-2.538554,251,3884.784506
-4.792195,251,3889.801725
-12.047617,251,3894.51407
-0.250736,251,3898.884763
-12.352311,251,3903.298872
-10.353873,251,3908.111894
-13.182113,251,3913.07436
-3.623873,251,3918.393545
1.132355,251,3923.073082
-3.353061,251,3927.602881
-2.58646,251,3932.271827
-11.707532,251,3936.982957
-2.703502,251,3941.692122
-1.475784,251,3946.367321
-2.680114,251,3950.978434
-3.103198,251,3955.631593
-3.871809,251,3960.158577
-6.838753,251,3964.567662
-5.685478,251,3969.110727
-10.267136,251,3974.22268
-2.751991,251,3978.781064
-6.451175,251,3983.421746
0.840665,251,3988.005841
-2.892652,251,3992.580722
-4.832605,251,3997.175848
3.064923,251,4002.125566
-3.291862,251,4007.216757
-5.498031,251,4011.956987
-6.785792,251,4016.682323
-14.081039,251,4021.127862
-8.660939,251,4025.624615
-8.602525,251,4030.069484
-3.263032,251,4034.910043
-2.417088,251,4039.617197
-11.975653,251,4044.198146
-4.53136,251,4049.178224
1.581988,251,4054.0024
-4.430992,251,4058.723165
-3.67384,251,4063.231164
3.940723,251,4067.831341
-16.062954,251,4072.609869
-3.934898,251,4103.153159
-12.836483,251,4107.597803
1.949228,251,4112.334019
-4.896038,251,4120.082664
-4.696869,251,4126.398025
-6.380186,251,4136.169093
-2.615536,251,4143.677688
-4.260451,251,4149.220573
4.123329,251,4155.22075
-1.25539,251,4160.261475
-4.215047,251,4166.59624
-14.456713,251,4173.197897
-2.220046,251,4179.153763
-4.348887,251,4185.507393
-0.555296,251,4190.6695
-9.194861,251,4195.4709
-11.048189,251,4200.37699
2.058691,251,4205.015886
-1.063545,251,4209.928177
-6.165314,251,4215.046104
1.223272,251,4220.101683
-0.702873,251,4225.274943
-7.716008,251,4231.376909
-2.997789,251,4238.954329
-1.251699,251,4245.328142
4.694719,251,4252.802844
-4.893679,251,4258.701061
0.867178,251,4263.680414
-4.963729,251,4268.670252
3.145035,251,4274.640412
0.340266,251,4279.851952
-3.063126,251,4284.830383
-4.051983,251,4290.016029
-3.542289,251,4295.420483
-12.246448,251,4301.481752
2.636882,251,4306.636201
0.188997,251,4311.820384
-2.487132,251,4318.740361
-6.905292,251,4325.019439
-0.914374,251,4330.543676
-0.023244,251,4335.5754
-6.028689,251,4341.081846
-5.100758,251,4346.333087
-14.836916,251,4351.80551
-1.148296,251,4357.310548
4.265499,251,4364.310251
-4.312314,251,4372.970542
-1.784144,251,4381.584654
-6.19903,251,4386.28052
-1.878753,251,4391.090493
-4.095174,251,4395.831313
-4.834122,251,4401.590617
-3.447393,251,4406.41106
-3.460631,251,4411.610392
-3.118823,251,4418.84577
-1.838115,251,4424.225507
-7.843207,251,4428.840275
-2.53955,251,4434.65031
-2.759904,251,4440.310365
-12.408007,251,4445.731801
-2.540492,251,4451.194073
-15.762527,251,4457.144574
-2.724298,251,4462.090605
1.057533,251,4467.430617
-6.234358,251,4472.955564
-1.899655,251,4478.498786
-9.693431,251,4484.601856
-10.376407,251,4489.957766
-6.522788,251,4495.521438
0.249156,251,4501.537656
-2.224054,251,4507.125706
-9.265445,251,4511.966693
-4.334559,251,4516.790419
2.644077,251,4521.91048
-2.634403,251,4528.006821
-9.084758,251,4533.092788
-9.195959,251,4539.08069
-1.310751,251,4545.750645
-3.493855,251,4551.230766
-6.731169,251,4556.410581
-3.830173,251,4561.824987
-5.331884,251,4566.961344
-2.69265,251,4575.800532
-10.6223,251,4583.055731
-0.623936,251,4588.330332
-4.071824,251,4594.370474
-4.53721,251,4600.270437
-1.388144,251,4606.180593
-5.482214,251,4611.440526
-14.086436,251,4617.361475
-6.529574,251,4622.543036
-11.068528,251,4627.374466
-4.716208,251,4632.380522
-4.168025,251,4637.311114
-11.391617,251,4643.035801
2.411539,251,4648.479414
3.800591,251,4654.323659
-3.546875,251,4660.480122
-10.647927,251,4665.490674
-3.449589,251,4671.750623
-9.728578,251,4680.105376
0.494233,251,4686.83577
-4.096654,251,4693.525094
-4.241195,251,4700.675706
-0.757594,251,4706.340676
-3.704916,251,4712.390723
-3.609513,251,4718.375697
-3.780218,251,4723.440576
1.678806,251,4730.650387
-1.577786,251,4735.712354
-7.826213,251,4740.845884
-5.717888,251,4745.495117
1.218894,251,4750.201951
-5.501535,251,4755.260788
-8.61359,251,4761.221013
-2.732154,251,4766.220454
-1.259392,251,4771.610608
-12.282002,251,4779.446937
-6.888439,251,4785.770543
-2.475605,251,4790.75091
-6.590635,251,4795.600482
-2.35293,251,4800.700715
-3.814944,251,4805.201011
1.743397,251,4809.250804
-11.381637,251,4813.260742
-10.333452,251,4817.208323
-2.6162,251,4821.820817
-1.303428,251,4826.270762
1.720428,251,4832.414751
-6.748254,251,4837.750653
-3.315906,251,4843.82342
-6.890187,251,4849.410727
-2.476263,251,4854.610984
-0.52247,251,4860.500799
-4.791897,251,4866.090614
-2.110143,251,4871.845919
-3.194691,251,4877.501289
-7.866688,251,4882.320769
-1.88064,251,4887.960645
-12.650945,251,4893.180969
-4.451172,251,4898.200743
-10.233263,251,4903.150663
-9.867877,251,4908.207635
2.178246,251,4913.470846
2.037389,251,4918.52853
-1.447961,251,4923.398814
-2.704281,251,4928.594734
-11.736241,251,4934.618163
-3.341136,251,4940.250987
-4.725594,251,4944.95969
-1.729793,251,4950.36096
-2.727871,251,4954.970616
-4.382624,251,4960.430676
-4.6487,251,4965.581978
-1.344773,251,4970.425447
-2.005103,251,4977.547111
-3.907506,251,4982.910843
-3.141573,251,4987.750544
0.152504,251,4992.350655
-0.310533,251,4997.234949
-8.787718,251,5003.271377
-8.100391,251,5008.136283
-6.853435,251,5012.870255
1.437693,251,5019.228948
-2.970206,251,5024.89106
-13.011854,251,5030.863102
3.297206,251,5035.929296
0.919947,251,5041.080701
-7.960442,251,5046.720862
-2.655411,251,5051.760757
-10.058896,251,5057.5008
-2.084812,251,5062.902637
0.374324,251,5068.410703
-6.663577,251,5073.504574
-3.991028,251,5078.568814
1.502236,251,5084.580929
2.025044,251,5090.061872
-3.173684,251,5095.12479
1.333042,251,5100.950649
2.140151,251,5107.485551
0.395608,251,5113.061027
-6.77965,251,5118.605842
-11.143511,251,5123.630702
-4.274023,251,5129.420975
4.055066,251,5135.972761
-2.157798,251,5141.940882
2.53263,251,5148.908885
-7.596351,251,5154.880695
-2.055663,251,5161.045955
-10.478906,251,5166.563555
-2.081076,251,5173.030759
-1.855723,251,5179.065697
-0.761542,251,5185.710626
-3.794697,251,5191.970685
-5.643811,251,5198.40076
-6.583928,251,5204.926505
-12.965926,251,5211.285937
-4.03335,251,5218.173234
1.46158,251,5224.715638
-1.798932,251,5232.795707
-0.73833,251,5240.18068
1.085547,251,5248.290859
-0.775429,251,5259.06988
-1.712912,251,5269.171582
1.338877,251,5280.70085
-1.005242,251,5287.786041
-2.315145,251,5293.924242
-18.426251,251,5300.588008
3.393074,251,5307.090352
1.824765,251,5313.250679
2.738159,251,5320.194089
-10.761775,251,5326.481089
-9.363354,251,5333.390881
-4.28614,251,5340.944555
0.733109,251,5348.674561
-0.122034,251,5354.761154
-2.892379,251,5361.116985
-5.189486,251,5367.573106
1.469981,251,5373.773165
-3.997938,251,5380.983623
0.529786,251,5390.322888
-8.31705,251,5397.877599
-6.106175,251,5405.784601
2.524184,251,5414.40013
-2.999049,251,5422.781698
3.979645,251,5431.834708
-3.776776,251,5440.306766
-0.87736,251,5448.148766
-6.432138,251,5456.360289
-3.859451,251,5463.335305
-0.993897,251,5474.390289
-3.587475,251,5484.651515
0.50047,251,5492.788569
-3.003412,251,5501.227185
-3.976892,251,5509.09965
3.260689,251,5517.26765
0.614234,251,5524.74665
-2.700869,251,5532.882659
-3.414452,251,5539.928649
-4.587512,251,5546.579652
-9.944179,251,5554.556967
-2.875751,251,5561.533498
1.467901,251,5570.282145
2.495115,251,5578.82985
1.941383,251,5586.497578
2.49209,251,5592.770576
-2.90363,251,5598.448578
1.663472,251,5604.961154
-5.284804,251,5611.84415
2.033062,251,5617.99923
-0.121526,251,5626.08557
-11.861455,251,5634.123803
2.228535,251,5642.049117
-10.203082,251,5651.291491
-1.480088,251,5660.984253
-1.306455,251,5668.921081
-0.151582,251,5675.661206
-17.67221,251,5682.448172
-2.465396,251,5689.295829
-8.000624,251,5697.010888
-7.610648,251,5704.150853
-2.864412,251,5712.510077
-4.771455,251,5718.391324
3.661909,251,5724.43617
1.313671,251,5730.196203
-3.526366,251,5736.406072
2.317145,251,5746.605996
2.921341,251,5754.300946
-0.468811,251,5761.758945
0.772424,251,5769.046129
-2.398388,251,5775.946105
-3.447427,251,5782.586204
0.847823,251,5788.727542
-5.891162,251,5797.656167
1.649449,251,5803.342423
3.022375,251,5808.391126
4.311676,251,5814.903118
4.235357,251,5820.946084
1.811166,251,5826.151422
-10.709137,251,5831.461344
2.662947,251,5837.545963
3.227223,251,5844.933824
4.128049,251,5851.126352
-1.634889,251,5857.116095
-0.712791,251,5862.521051
2.298115,251,5867.231324
-0.978167,251,5872.816632
1.319887,251,5879.828613
1.011754,251,5886.631595
-2.855653,251,5893.512229
0.999999,251,5900.167738
-12.549096,251,5907.521148
-12.459893,251,5913.62597
-0.028366,251,5919.761457
-2.968167,251,5925.771442
-9.660901,251,5932.05751
1.808167,251,5938.994068
-14.991225,251,5945.247978
1.642426,251,5952.071158
2.117615,251,5957.912389
1.206734,251,5964.105272
-2.505334,251,5970.666214
0.317603,251,5977.931164
1.029602,251,5984.296105
-10.071026,251,5989.996319
1.903213,251,5995.481144
-5.386107,251,6001.649319
5.752797,251,6008.80409
-1.128302,251,6016.610524
-2.504394,251,6025.517956
-2.52871,251,6032.691404
3.295789,251,6039.506432
3.43902,251,6046.146124
-4.34166,251,6054.552638
0.380459,251,6061.66138
-2.834278,251,6069.930535
2.590346,251,6075.971434
2.834752,251,6081.061411
-0.844972,251,6086.961343
-7.528815,251,6093.661345
-5.543067,251,6098.992702
-6.494757,251,6104.097504
-2.475982,251,6109.331508
0.819158,251,6115.96137
-10.345844,251,6122.516373
2.117781,251,6128.892589
3.342345,251,6135.406322
-4.424853,251,6141.481311
-2.802194,251,6146.661251
3.991171,251,6153.157332
-8.459456,251,6160.683752
3.339458,251,6168.100441
2.333971,251,6174.966128
-9.720984,251,6181.215937
0.368118,251,6187.431548
0.429267,251,6194.176496
3.469212,251,6200.931216
0.231444,251,6207.5612
-13.122495,251,6214.21131
-5.168967,251,6223.777776
5.062728,251,6230.571509
-4.714544,251,6238.334532
-2.014781,251,6245.336218
-2.936547,251,6252.192805
-4.21145,251,6259.336503
-8.980742,251,6266.796452
-3.786972,251,6274.066238
-3.550166,251,6281.460626
-6.667494,251,6288.873885
-8.713863,251,6296.261178
-9.030243,251,6303.501575
-2.787032,251,6310.739579
3.535339,251,6317.916284
-1.911393,251,6326.01537
-14.442192,251,6333.77141
-4.366071,251,6342.374493
-2.939188,251,6349.951581
-10.800698,251,6357.162446
-7.230567,251,6364.201882
3.553431,251,6375.286121
-3.899206,251,6385.486456
-8.734619,251,6393.581536
-6.000542,251,6400.676181
4.066721,251,6405.941626
-1.717616,251,6411.90149
-12.037468,251,6417.553678
1.834747,251,6422.53159
2.412805,251,6427.465765
-1.885796,251,6432.911499
-0.724224,251,6437.361604
-1.47017,251,6442.305657
-11.281617,251,6447.0017
1.410533,251,6452.093207
2.776553,251,6457.30211
1.99864,251,6462.92642
3.404808,251,6468.851324
3.370715,251,6473.903959
-7.550244,251,6479.454534
-5.864634,251,6484.471513
-2.380215,251,6489.114919
-2.957916,251,6494.157317
2.622755,251,6501.060494
1.497727,251,6508.541678
-7.990727,251,6516.355184
-1.274432,251,6523.775661
-11.309026,251,6530.06662
-3.621995,251,6536.193154
-5.290671,251,6541.91114
-3.016918,251,6547.795954
-10.133251,251,6553.383725
3.998034,251,6558.831509
2.430345,251,6564.091881
-3.33975,251,6568.111764
-2.002745,251,6572.691916
-11.52184,251,6578.575502
-6.044964,251,6584.941297
-0.595931,251,6590.994576
-5.177719,251,6597.30243
-8.731432,251,6603.926637
-3.109074,251,6642.062909
3.422248,251,6647.521582
-2.230392,251,6653.551571
1.561954,251,6659.088875
-5.635773,251,6664.316845
-4.377466,251,6670.341406
-6.008671,251,6676.369903
-3.139247,251,6682.221652
5.523176,251,6687.42797
0.269699,251,6692.717103
1.976976,251,6698.021593
1.290172,251,6703.133598
3.96333,251,6708.705472
-3.240936,251,6713.885486
5.136552,251,6719.654198
1.598939,251,6725.451485
1.464933,251,6731.598134
1.051465,251,6737.319566
0.481898,251,6742.991472
-13.067067,251,6748.401397
2.636005,251,6753.24165
-2.500507,251,6757.857795
0.800816,251,6763.22677
-1.988362,251,6768.641597
-8.163887,251,6773.766422
-7.731516,251,6778.771475
3.697429,251,6785.206961
-14.865522,251,6792.208934
-3.568832,251,6798.231455
1.466,251,6804.911496
-6.524998,251,6812.734273
-1.87818,251,6819.191731
-2.290457,251,6825.224819
-15.005059,251,6832.71184
-1.562047,251,6838.791812
-16.021392,251,6843.511841
-2.783484,251,6848.652667
-1.171753,251,6855.44501
-9.184286,251,6861.308623
-5.881859,251,6866.941748
3.957354,251,6872.091537
-0.567263,251,6878.097519
-8.884983,251,6883.772131
3.619092,251,6890.614934
-7.418832,251,6896.186677
3.970851,251,6901.245006
-1.68596,251,6906.941696
-0.436935,251,6913.552894
-2.481393,251,6920.168975
-5.08643,251,6925.807404
-3.684478,251,6930.89643
-8.287727,251,6936.325992
-15.01454,251,6942.658145
-3.729972,251,6949.137778
-1.092334,251,6954.8169
-3.833703,251,6960.87161
-2.183377,251,6967.314829
-7.632405,251,6972.581856
-11.647883,251,6978.581688
-10.026576,251,6984.485133
-4.601461,251,6990.128163
-3.91413,251,6995.769074
-1.629688,251,7001.521481
-9.137421,251,7007.441696
2.411715,251,7013.446759
-4.780481,251,7019.161623
-7.142694,251,7024.891479
-4.958537,251,7029.861559
-8.620293,251,7034.741642
-10.222815,251,7039.691684
-3.685248,251,7045.771186
1.483315,251,7052.187373
2.245563,251,7058.679126
3.276413,251,7064.026047
-2.910719,251,7069.416589
-3.899417,251,7077.291625
5.664931,251,7084.57439
1.863272,251,7092.201772
-2.754129,251,7101.410748
-3.347866,251,7109.315047
-2.146467,251,7117.571821
-3.454952,251,7125.349832
2.857485,251,7132.551675
2.224014,251,7139.631691
5.236902,251,7147.836173
-3.048898,251,7155.434235
-6.128509,251,7162.596922
-3.357495,251,7169.476883
0.273108,251,7176.296887
2.474261,251,7183.580758
3.763448,251,7191.318754
-4.524287,251,7198.481786
4.427887,251,7207.764799
3.60399,251,7216.521965
4.028102,251,7225.255273
-3.249405,251,7233.984615
-6.097308,251,7240.861959
-2.702595,251,7247.934023
-12.069714,251,7256.351875
-3.088635,251,7263.73196
-9.333906,251,7271.691839
-15.601286,251,7285.56167
0.08237,251,7293.48206
-3.476806,251,7301.146887
-4.156769,251,7310.773171
-0.386343,251,7318.951663
-3.962065,251,7326.808425
0.346901,251,7335.481754
1.908801,251,7340.426969
3.808433,251,7346.312766
4.032011,251,7352.085488
2.78875,251,7356.831907
-1.701188,251,7362.192404
0.732592,251,7366.981745
-3.420063,251,7373.002145
2.24875,251,7378.33199
-3.286001,251,7383.551975
3.802289,251,7388.644054
-4.416524,251,7394.341789
2.056118,251,7399.312181
4.29076,251,7404.741939
4.166906,251,7410.092488
-12.401264,251,7415.321962
-0.745371,251,7419.888966
2.446921,251,7424.592199
-0.332358,251,7429.359983
-2.302184,251,7433.997005
0.114573,251,7438.724043
2.319943,251,7443.181749
3.129821,251,7448.141849
0.754069,251,7453.042022
3.356461,251,7458.675694
-1.473833,251,7464.141707
-2.880061,251,7469.40213
-11.046971,251,7474.382046
2.63238,251,7479.39186
2.847664,251,7484.591825
-0.020132,251,7489.551799
-7.061817,251,7495.187068
-0.92807,251,7500.231733
-2.634331,251,7505.311792
1.1915,251,7513.58592
2.815371,251,7520.6371
-4.426672,251,7527.760201
0.28898,251,7534.927601
3.471997,251,7544.431805
2.041336,251,7554.501019
-2.730194,251,7562.994475
-2.056197,251,7571.559479
-0.763583,251,7580.15812
4.407274,251,7588.45281
2.44681,251,7597.007003
2.472315,251,7605.496727
4.412287,251,7614.901832
3.337074,251,7623.571957
2.724023,251,7630.762027
2.958417,251,7639.626984
-11.114473,251,7647.369382
-1.737959,251,7655.936766
-5.919464,251,7664.681408
-4.065166,251,7675.762982
5.125833,251,7685.432407
-0.404038,251,7693.541919
2.728147,251,7702.597087
4.663468,251,7709.508285
4.587923,251,7716.09161
2.433722,251,7725.551957
4.290068,251,7733.507178
-0.757867,251,7741.871988
1.788082,251,7749.957143
2.908131,251,7757.958981
4.545319,251,7766.706382
2.487661,251,7774.65717
3.249802,251,7786.838221
5.352771,251,7794.835267
-11.93827,251,7804.926976
-0.096206,251,7813.937068
-3.347599,251,7822.962144
-2.632773,251,7829.817208
3.308659,251,7838.987722
3.334603,251,7848.524337
4.571141,251,7857.342307
3.644608,251,7866.718108
1.691296,251,7875.62741
5.318721,251,7884.896884
2.067094,251,7894.271901
1.8845,251,7902.554148
-11.980429,251,7911.205617
1.109879,251,7920.89859
-4.18135,251,7929.717196
1.321472,251,7937.089222
-1.564642,251,7943.267393
-1.292303,251,7952.61702
4.559851,251,7962.452142
-1.696117,251,7972.211998
-10.1002,251,7980.587158
3.611766,251,7989.021999
5.549614,251,7997.608028
5.729374,251,8005.747426
-4.789732,251,8012.872273
1.308886,251,8020.422465
1.725438,251,8028.382281
-2.109578,251,8036.722235
0.528938,251,8042.892129
-14.53472,251,8049.427215
-4.703378,251,8057.252336
4.926709,251,8065.572319
2.220569,251,8073.900016
4.441787,251,8082.367136
1.924524,251,8090.910986
-10.211963,251,8099.177287
1.311093,251,8107.472125
2.972175,251,8115.940486
1.061667,251,8125.667276
1.269074,251,8134.037137
-5.922258,251,8142.08643
2.493704,251,8148.082149
3.940645,251,8156.335564
3.309483,251,8166.622527
2.659671,251,8180.443619
3.960957,251,8189.427033
1.534295,251,8197.567186
4.276618,251,8205.603587
5.06402,251,8214.05249
4.984365,251,8221.54718
0.824271,251,8231.956009
4.037482,251,8242.70242
4.834648,251,8253.972322
1.946344,251,8266.240766
2.309126,251,8278.012509
-3.587374,251,8287.482388
-2.546185,251,8296.759873
-10.669129,251,8310.621061
3.281549,251,8320.797163
2.071094,251,8331.521283
0.032408,251,8343.519459
-0.409835,251,8352.897451
4.600278,251,8361.487446
-2.377585,251,8369.987464
3.572831,251,8380.399346
3.623216,251,8388.602573
1.259943,251,8395.192561
-2.034779,251,8403.062344
1.174408,251,8411.212514
3.170872,251,8419.054567
3.610757,251,8428.9473
3.346449,251,8440.602328
-6.918811,251,8450.549008
-4.478519,251,8458.991936
-8.945103,251,8466.468522
3.445576,251,8474.9754
3.350668,251,8483.449526
-1.001288,251,8490.537286
1.642993,251,8495.722548
-5.695207,251,8501.022661
0.169469,251,8507.54687
-7.332348,251,8514.842462
3.189036,251,8522.307626
4.250324,251,8530.68752
-1.027998,251,8539.392235
0.469074,251,8549.285313
3.223108,251,8558.644653
-2.972569,251,8567.475034
2.82893,251,8576.91725
3.234658,251,8585.902344
2.711629,251,8591.392474
-1.26807,251,8598.558553
3.764653,251,8607.662686
-8.411459,251,8617.06429
-1.651658,251,8627.002663
-1.969569,251,8636.444415
4.634756,251,8645.312615
-3.693975,251,8654.422006
-0.468045,251,8664.38735
-3.094187,251,8675.009299
-2.743967,251,8687.041442
0.675464,251,8697.540049
4.711747,251,8705.047981
-1.274923,251,8716.06076
3.284778,251,8725.811957
-2.038502,251,8733.88742
-1.101382,251,8742.537332
3.213724,251,8750.692508
2.751056,251,8758.172424
1.075204,251,8769.862825
-1.524672,251,8778.577337
-7.570472,251,8786.677769
4.893212,251,8794.407348
2.790501,251,8803.140669
1.915025,251,8810.607651
1.971552,251,8817.762383
-6.408868,251,8825.447716
2.284899,251,8834.312342
2.477426,251,8842.278976
-5.459608,251,8851.957506
-6.026662,251,8862.577619
-8.888658,251,8873.094413
5.167195,251,8883.392013
2.725716,251,8895.851226
5.191597,251,8909.133577
-17.321476,251,8921.028933
3.751527,251,8931.664456
-8.207521,251,8944.605396
3.201933,251,8957.369911
1.416426,251,8972.7965
4.294563,251,8988.846035
4.579277,251,9004.993681
4.356049,251,9019.576746
0.081583,251,9033.217748
-5.236305,251,9047.438802
-8.023469,251,9063.994858
0.356859,251,9083.71553
2.34947,251,9099.006661
-6.860553,251,9114.60715
2.951884,251,9127.637759
-8.200162,251,9140.396728
1.783752,251,9155.782947
1.771353,251,9166.897813
-10.64927,251,9178.177999
1.508962,251,9190.757617
3.004779,251,9206.124291
2.699804,251,9216.362523
0.741763,251,9228.864773
2.413404,251,9239.532547
2.251349,251,9245.526969
-5.379229,251,9251.22264
2.694304,251,9259.756378
-2.603231,251,9267.722702
4.523016,251,9275.703049
2.293292,251,9284.49285
0.743654,251,9294.133005
2.749385,251,9301.802945
3.28995,251,9309.647583
4.870631,251,9317.593059
-5.102774,251,9325.468129
4.388989,251,9334.682745
-2.77608,251,9345.499139
-3.397042,251,9352.956846
1.740793,251,9359.202944
4.564391,251,9366.416842
2.877035,251,9375.257871
2.324448,251,9383.313043
-1.454838,251,9392.043211
5.0395,251,9400.207854
2.080842,251,9407.925989
1.17921,251,9415.915648
2.468629,251,9423.792708
2.472952,251,9432.460892
3.320924,251,9440.384792
-0.931406,251,9450.68773
-1.835211,251,9458.668007
-4.597356,251,9470.911002
0.859103,251,9483.683009
-6.181746,251,9495.47284
1.169934,251,9506.377982
-4.304704,251,9518.922845
4.044801,251,9531.078009
3.206945,251,9545.023272
3.787183,251,9556.259398
1.959745,251,9570.022009
2.693753,251,9580.272949
4.277509,251,9588.095895
1.248215,251,9600.212715
0.604213,251,9616.318213
-3.731417,251,9629.925149
6.371178,251,9644.853683
2.894473,251,9657.594026
-3.246957,251,9671.470792
4.342526,251,9683.217714
-3.334642,251,9694.928897
3.729427,251,9707.162281
-0.578145,251,9718.174461
-4.914572,251,9724.656764
2.760464,251,9735.259689
-7.586433,251,9747.974612
0.267267,251,9759.458983
-2.219599,251,9771.802742
5.719714,251,9784.836038
2.926965,251,9796.976661
0.842574,251,9809.539159
5.975675,251,9820.695413
-13.526628,251,9834.897499
-10.466662,251,9847.866242
2.946794,251,9855.883142
-6.6778,251,9864.398771
-0.420639,251,9875.703012
1.304665,251,9887.343646
2.189389,251,9898.359263
-8.167552,251,9912.015513
1.517739,251,9922.087854
-0.13647,251,9932.259731
-4.590303,251,9944.04098
3.990711,251,9954.11911
-8.87254,251,9964.688462
-8.16645,251,9980.267158
-3.248808,251,9990.88093
0.557465,251,10004.709493
3.370803,251,10020.64551
4.047097,251,10130.700376
-0.085953,251,10142.483893
3.006047,251,10153.052672
-2.900001,251,10163.519469
-2.427537,251,10171.939194
-0.925583,251,10182.474818
1.314552,251,10192.90118
0.89578,251,10205.767636
0.253527,251,10218.454594
-2.575175,251,10232.293586
-2.549692,251,10247.559017
0.958106,251,10259.338285
-3.3176,251,10271.110659
-0.327923,251,10282.553837
5.805563,251,10293.718867
-6.28812,251,10302.975532
4.481507,251,10315.151797
3.36826,251,10326.851921
0.225151,251,10338.784353
-0.310842,251,10351.196812
2.831146,251,10364.797412
-4.125087,251,10377.879336
-1.97303,251,10391.486721
-2.329081,251,10401.506631
3.211224,251,10414.78172
0.534622,251,10426.514085
-6.958242,251,10434.670345
2.485017,251,10445.020675
0.430328,251,10455.273494
-3.311646,251,10467.054004
-2.412281,251,10479.950828
-5.732701,251,10491.933923
-6.693627,251,10503.808675
3.834163,251,10513.261796
-4.940891,251,10522.9493
3.842462,251,10533.267429
3.97752,251,10543.814306
2.296936,251,10552.751804
-4.326696,251,10562.564314
2.653113,251,10572.771967
3.085823,251,10583.404988
-3.640613,251,10593.639363
4.985554,251,10605.85811
2.211218,251,10616.172611
-3.012722,251,10625.625735
0.697762,251,10635.235109
-5.533891,251,10645.891364
3.562883,251,10656.182199
-3.157823,251,10664.6197
0.1056,251,10674.488831
4.622116,251,10684.613835
1.486619,251,10694.538736
-4.57093,251,10706.054353
0.943586,251,10716.382479
-0.354075,251,10727.007478
3.223596,251,10738.090758
2.710385,251,10746.215762
2.276227,251,10756.55951
-1.933003,251,10766.753531
3.504118,251,10775.604334
-2.121591,251,10783.901211
-0.696212,251,10793.744962
-3.58571,251,10804.354347
2.542496,251,10814.397589
3.316646,251,10824.288212
5.067649,251,10834.428838
-0.644472,251,10845.138712
5.372908,251,10854.071568
-8.344307,251,10863.384067
3.579137,251,10875.794325
-2.451562,251,10889.619073
3.821831,251,10898.943554
3.992808,251,10909.319745
3.884899,251,10917.819746
0.309077,251,10927.538494
4.991837,251,10938.6638
2.89311,251,10950.629841
-5.349779,251,10962.520466
4.203443,251,10974.364221
2.305566,251,10983.604672
4.781689,251,10995.25333
4.378637,251,11007.361275
4.126311,251,11020.791474
3.508728,251,11032.921118
4.603786,251,11044.280503
3.934274,251,11054.809188
3.869164,251,11065.371691
0.869079,251,11076.835268
2.107469,251,11089.116518
4.540569,251,11101.689753
3.595624,251,11110.846003
0.353094,251,11125.337571
5.499077,251,11137.759443
2.495943,251,11149.634449
-3.602936,251,11161.34848
1.340406,251,11173.195147
-4.442687,251,11184.835772
6.533634,251,11194.101398
-3.91501,251,11206.445149
-3.779157,251,11218.386579
1.597172,251,11229.60533
1.485213,251,11238.605329
1.442572,251,11248.839705
3.793904,251,11259.883154
-2.856826,251,11272.170468
3.034765,251,11283.639221
4.757838,251,11295.061094
5.305874,251,11306.086946
5.389769,251,11317.430699
1.60048,251,11328.75882
5.677828,251,11338.149445
-2.683106,251,11349.482758
0.980073,251,11359.545249
-4.091186,251,11369.557354
-1.370512,251,11380.979231
3.169472,251,11394.184462
4.972275,251,11405.090726
0.240869,251,11415.825085
4.327372,251,11426.637597
-11.198356,251,11437.677542
-12.668715,251,11449.8564
-1.585338,251,11459.747019
4.326375,251,11468.418895
-0.380755,251,11475.068015
-1.250756,251,11483.974265
-13.956724,251,11493.849261
2.837995,251,11503.833637
4.453514,251,11513.777496
-5.990645,251,11523.74624
3.225061,251,11534.040351
-5.135203,251,11545.055976
0.93582,251,11556.18323
5.313229,251,11567.527
3.472463,251,11578.683236
3.709589,251,11589.745735
-1.448795,251,11600.285896
5.221745,251,11608.645273
-5.538403,251,11619.410896
-1.37161,251,11630.114022
3.235349,251,11640.680984
3.299019,251,11651.79036
-1.249773,251,11663.899741
6.494159,251,11674.274734
2.057685,251,11686.889831
0.16865,251,11698.671079
2.043203,251,11710.780456
6.326035,251,11721.483579
0.407523,251,11730.787926
6.188348,251,11741.220213
4.565254,251,11751.454599
-5.297119,251,11760.735831
1.847089,251,11772.465773
-10.349556,251,11787.544114
0.761374,251,11797.64573
1.108942,251,11808.192609
5.583803,251,11818.273197
-2.254546,251,11829.382589
-2.019873,251,11844.120094
-4.962423,251,11859.620102
5.115893,251,11874.221412
1.649498,251,11887.112037
4.669655,251,11897.190163
-5.858735,251,11907.221416
2.59056,251,11915.526763
-2.113325,251,11925.573642
5.283096,251,11935.333978
-0.442977,251,11945.255855
2.685874,251,11954.763237
2.917329,251,11964.482007
2.941659,251,11974.388236
-9.282351,251,11983.252291
0.399541,251,11990.359934
0.722759,251,11997.551037
5.47311,251,12004.426037
-10.024062,251,12011.219325
-4.53308,251,12017.785399
-1.56668,251,12023.472902
4.493639,251,12028.676023
6.123307,251,12035.566652
5.519691,251,12042.372306
4.816479,251,12049.182312
5.115853,251,12055.963562
-3.868593,251,12062.666686
6.211415,251,12069.692344
5.134757,251,12076.368159
5.713343,251,12083.258791
-1.043184,251,12090.180656
0.236124,251,12097.204593
4.534058,251,12104.017092
-10.0723,251,12111.267092
4.645272,251,12118.345216
4.418776,251,12123.258387
1.203686,251,12128.93026
5.048839,251,12135.764171
1.513506,251,12142.326669
-3.830828,251,12148.834617
1.592886,251,12155.365887
-3.544299,251,12162.631489
4.696059,251,12169.490865
2.528791,251,12177.310316
3.775867,251,12184.669686
6.029104,251,12192.669684
-6.518105,251,12199.792576
2.721511,251,12206.458247
4.965139,251,12213.473871
-1.745866,251,12222.888356
6.327845,251,12228.888752
4.762357,251,12236.833243
-11.908354,251,12246.012116
1.784575,251,12257.478851
1.620123,251,12265.150733
1.916845,251,12272.240811
3.992792,251,12279.871502
2.9189,251,12289.284725
0.322362,251,12296.653857
3.211285,251,12303.506877
1.544256,251,12310.702042
-0.505693,251,12317.594883
3.867079,251,12325.318851
4.07792,251,12334.4087
4.35036,251,12340.545764
1.591302,251,12346.017562
1.736599,251,12352.880789
5.772357,251,12359.531812
5.829539,251,12366.16006
2.379026,251,12373.054272
-5.072806,251,12380.063231
-0.789599,251,12386.770201
-5.819392,251,12393.554819
-4.755216,251,12400.503801
3.26599,251,12407.803974
-1.119354,251,12415.324173
2.487876,251,12422.128758
-3.878594,251,12428.808905
-4.166798,251,12436.337343
4.345443,251,12442.066658
-11.273023,251,12447.199492
1.015265,251,12456.920526
4.611265,251,12466.784752
-0.497654,251,12474.473411
-11.96748,251,12481.520282
5.509746,251,12488.254657
-1.063162,251,12495.098407
-2.12675,251,12501.669025
6.512006,251,12508.622151
4.784221,251,12515.309652
6.133958,251,12523.053109
-7.648555,251,12530.378895
3.488597,251,12537.41016
5.885115,251,12543.86013
3.598616,251,12549.010728
0.880662,251,12555.821813
-3.54398,251,12562.603058
3.595883,251,12569.335205
2.302634,251,12576.421138
2.146422,251,12584.009645
3.422502,251,12590.930854
3.294227,251,12597.540229
5.009779,251,12604.118357
-3.09106,251,12611.032
5.275622,251,12617.578869
5.380454,251,12624.18825
-1.193327,251,12631.500746
4.847542,251,12638.368942
4.795112,251,12643.911291
3.337822,251,12649.50086
-2.400666,251,12656.266487
-1.136297,251,12663.042051
3.866926,251,12669.760799
-13.720362,251,12676.651425
6.999638,251,12683.432677
4.028314,251,12689.987489
3.946851,251,12696.815615
3.220343,251,12703.758334
4.098033,251,12710.477091
5.680175,251,12716.967006
1.64778,251,12723.701376
-12.928374,251,12730.373252
-0.467182,251,12737.388876
-6.696147,251,12742.335709
4.90052,251,12748.101328
3.148084,251,12754.726326
5.652387,251,12761.483703
2.919113,251,12768.43532
-2.753643,251,12775.419678
4.377207,251,12782.579105
5.469372,251,12789.360354
3.729023,251,12796.261924
1.401523,251,12803.058799
4.68478,251,12809.605674
4.711538,251,12816.10568
-2.962846,251,12824.052497
3.274738,251,12830.646249
-2.518008,251,12837.302498
5.379069,251,12842.146248
4.018774,251,12848.112563
2.391144,251,12854.565691
3.691528,251,12861.018818
3.811945,251,12867.784441
2.828356,251,12874.530656
2.204555,251,12881.348801
2.917177,251,12888.192551
4.993323,251,12894.926924
-9.259642,251,12901.739329
2.263139,251,12908.239329
2.84886,251,12915.348701
-1.30835,251,12921.942452
-4.238792,251,12928.544791
-4.586547,251,12935.029181
5.139817,251,12940.846905
4.192476,251,12946.784404
1.913598,251,12953.198457
5.656858,251,12959.745327
-5.188337,251,12966.401583
3.785812,251,12973.167205
4.234394,251,12979.956593
2.522902,251,12986.503469
4.273129,251,12994.347229
2.803517,251,13001.310413
2.506355,251,13008.398231
2.47872,251,13015.570096
4.263501,251,13022.570094
-2.514734,251,13029.320096
4.411317,251,13035.968964
3.996571,251,13042.093961
5.168303,251,13047.125207
4.216969,251,13053.625211
5.617089,251,13060.405631
3.563558,251,13067.311888
1.018985,251,13074.108761
2.289201,251,13080.81188
3.980669,251,13087.587688
3.143363,251,13094.025173
6.220717,251,13100.63455
-2.456472,251,13107.400173
4.71823,251,13114.207227
2.306195,251,13120.815612
2.824196,251,13127.837765
-0.019342,251,13134.806519
2.702406,251,13141.082283
-1.650753,251,13146.082281
5.821647,251,13152.582281
2.944927,251,13159.051031
4.120892,251,13165.998933
4.46151,251,13173.427314
1.295007,251,13180.240651
4.090056,251,13187.117986
4.720154,251,13193.707425
1.579742,251,13200.4418
-1.490698,251,13206.988675
4.213184,251,13214.40828
-1.422859,251,13221.026646
2.182889,251,13227.886026
-8.053317,251,13234.854772
3.300215,251,13241.494529
3.703105,251,13246.496245
-0.206967,251,13252.964993
4.131623,251,13259.433743
4.326259,251,13265.855619
5.729707,251,13272.254813
-4.298429,251,13279.244306
2.613517,251,13285.463053
-7.311355,251,13292.041176
3.400534,251,13298.69592
5.974732,251,13305.581562
4.523994,251,13312.034678
4.861847,251,13319.068842
6.253348,251,13325.658553
-1.854086,251,13333.111674
2.065821,251,13339.596053
1.541488,251,13344.564804
4.228195,251,13350.028329
-17.011646,251,13357.840825
3.095572,251,13365.256058
0.055846,251,13371.865435
4.086621,251,13378.668342
3.208108,251,13385.230844
4.848023,251,13391.871472
0.156297,251,13398.496469
-1.981459,251,13405.388901
4.152461,251,13411.967027
2.260871,251,13418.529525
2.817215,251,13425.338252
-0.29249,251,13431.907412
4.098409,251,13438.407409
2.474923,251,13444.610536
5.441043,251,13449.391798
5.642492,251,13456.212181
5.027359,251,13462.540319
-2.089241,251,13470.180947
-3.467839,251,13477.259054
-4.862207,251,13484.800481
4.873736,251,13491.31611
-3.385158,251,13497.831731
-1.979852,251,13505.30048
-13.179368,251,13512.214781
1.694884,251,13518.589782
-0.10223,251,13524.88666
-5.014732,251,13531.314372
4.025205,251,13570.713801
5.81598,251,13577.258254
-3.141257,251,13584.242629
5.39808,251,13591.023887
5.474469,251,13597.624368
-2.1498,251,13604.327489
-11.425161,251,13611.061879
-18.065234,251,13618.874366
5.209153,251,13625.358199
-2.88659,251,13631.873817
-3.893404,251,13638.193624
-5.47518,251,13642.959251
3.233328,251,13647.920992
1.640809,251,13654.311625
2.584273,251,13660.999116
3.522151,251,13667.655365
3.858794,251,13674.595261
-4.826055,251,13682.282761
-3.75134,251,13690.032768
2.962002,251,13697.648278
4.389727,251,13704.147331
-3.683336,251,13710.553579
4.84174,251,13717.11608
2.881593,251,13723.787954
0.531973,251,13730.296233
1.028282,251,13736.874356
-1.051239,251,13742.843103
1.411997,251,13747.546227
-3.351459,251,13754.037238
0.151703,251,13760.537243
-3.516581,251,13767.177862
5.013067,251,13773.365367
1.036684,251,13781.017142
3.407386,251,13787.657759
2.028398,251,13794.423383
4.524549,251,13800.845277
4.704126,251,13807.306387
4.235324,251,13813.943444
5.784192,251,13820.474679
5.395061,251,13827.021555
-2.442792,251,13834.636042
3.253975,251,13841.057917
2.886675,251,13845.92276
1.104939,251,13851.750882
1.428523,251,13858.332644
-3.616634,251,13864.973281
-6.970402,251,13871.699621
1.058462,251,13878.496497
1.989255,251,13885.366904
3.019113,251,13892.132525
4.58107,251,13898.663775
5.221183,251,13905.195023
2.853068,251,13912.12374
3.962409,251,13919.076864
4.72354,251,13925.514364
3.453658,251,13932.17066
-5.59508,251,13938.959603
4.736355,251,13944.459605
3.354279,251,13949.615858
-14.576667,251,13956.584607
2.805305,251,13963.482309
3.954286,251,13970.497929
1.64199,251,13977.40418
4.529641,251,13984.013554
5.624653,251,13991.019054
6.075555,251,13997.769052
-0.882277,251,14005.237807
-3.544651,251,14011.956552
2.244574,251,14018.873395
5.12167,251,14025.764018
2.914146,251,14032.795272
-6.182039,251,14040.07652
1.050237,251,14044.993632
-4.347282,251,14051.407174
-0.696295,251,14058.047798
3.427997,251,14064.500924
-4.496524,251,14071.401225
-9.063377,251,14078.41685
-2.244459,251,14086.369979
1.099367,251,14093.401227
-2.204628,251,14101.005961
-6.346787,251,14107.886821
-10.301121,251,14115.480574
1.255254,251,14122.449326
-11.914074,251,14128.853644
-4.522896,251,14135.588027
-6.070522,251,14143.213019
-1.159498,251,14148.52552
-6.365014,251,14155.781498
-13.892362,251,14162.469991
0.651676,251,14169.085448
-11.194646,251,14175.851071
-2.991659,251,14182.565471
-10.676175,251,14189.581094
-8.095327,251,14197.377969
2.717055,251,14204.706095
4.207081,251,14211.436465
0.401635,251,14218.139586
-0.391162,251,14224.976867
5.555603,251,14232.195613
2.135176,251,14239.139637
0.299804,251,14244.84276
-4.228539,251,14249.967763
5.86118,251,14257.030261
1.483611,251,14264.057153
5.564713,251,14270.932155
0.637097,251,14277.760278
-2.052004,251,14288.354861
-0.350975,251,14295.087594
-13.041468,251,14301.571966
1.604364,251,14309.489148
-0.471415,251,14316.489152
-8.241211,251,14323.509969
-0.777802,251,14330.275592
-3.894577,251,14337.494358
6.136367,251,14344.805588
-2.509512,251,14350.206029
0.290835,251,14355.690406
2.674759,251,14362.557152
3.199051,251,14369.260279
-0.44153,251,14376.375621
2.005586,251,14383.40034
4.49034,251,14389.681591
0.622849,251,14396.435416
1.290538,251,14402.780004
5.387988,251,14409.407376
0.052021,251,14415.844874
5.130137,251,14422.157373
-3.747337,251,14429.254889
2.013633,251,14435.520505
1.579279,251,14442.239269
-1.594607,251,14449.283056
-1.324653,251,14455.639799
-13.046483,251,14460.473246
-1.994341,251,14466.586767
5.577354,251,14473.196145
0.756452,251,14480.031595
2.884732,251,14486.781598
-4.048872,251,14493.625349
-2.900733,251,14500.656596
0.406879,251,14507.139434
2.286005,251,14513.889438
-11.524711,251,14521.696056
-1.292771,251,14528.258556
-5.951874,251,14535.331366
4.793442,251,14541.956364
-6.829957,251,14549.300112
-18.634703,251,14556.128243
0.059303,251,14560.947502
4.532942,251,14567.463138
-12.905474,251,14574.619372
5.68031,251,14581.632471
3.562143,251,14588.238329
0.338896,251,14595.016526
1.366295,251,14601.672778
-3.097414,251,14608.219648
2.177736,251,14614.854301
5.850616,251,14621.823055
-5.046601,251,14628.291803
-1.113359,251,14634.76055
4.946753,251,14641.324541
-4.043296,251,14647.843485
6.328837,251,14654.280986
-1.00398,251,14660.155997
-2.74788,251,14664.850974
-7.574714,251,14672.585349
-13.817908,251,14678.913472
2.114612,251,14685.475971
4.834962,251,14691.969071
1.015515,251,14698.515947
-10.775613,251,14705.527272
-5.080532,251,14712.074154
-4.302192,251,14718.785784
2.213908,251,14725.613907
-2.288189,251,14732.504534
4.360634,251,14739.035786
3.233636,251,14745.730586
5.242661,251,14752.277459
-5.739573,251,14759.793089
4.54491,251,14764.667116
-2.818204,251,14770.643658
3.978286,251,14777.221782
-13.668848,251,14783.909281
-12.523866,251,14791.534282
2.346727,251,14798.964277
-6.224344,251,14805.870528
3.952715,251,14812.901778
-0.701881,251,14819.964278
-1.876503,251,14827.407079
2.094868,251,14835.985204
-1.839418,251,14844.188329
2.559326,251,14855.875831
-2.804335,251,14867.320411
4.584367,251,14875.11729
4.01811,251,14880.039163
-3.81862,251,14885.601661
-5.821467,251,14892.455063
3.076083,251,14899.16476
3.17203,251,14905.571007
1.36054,251,14912.149138
4.061608,251,14918.454629
4.091668,251,14925.032754
2.118401,251,14931.61088
2.535436,251,14938.392129
1.059062,251,14945.16691
-2.011005,251,14951.901288
-3.056583,251,14958.573151
3.430869,251,14965.726137
3.618186,251,14972.472118
3.329498,251,14979.299346
3.758979,251,14985.418746
0.365731,251,14990.090625
2.573356,251,14996.825868
0.570989,251,15003.544619
0.309219,251,15010.263755
-4.106476,251,15016.927357
3.92077,251,15023.668939
-3.520893,251,15030.441465
-11.775043,251,15037.361769
2.449349,251,15044.281336
4.734245,251,15051.273073
2.96139,251,15058.226767
2.46968,251,15065.097652
-1.439511,251,15071.582024
-7.397155,251,15078.702748
3.2259,251,15085.377943
1.483801,251,15091.971691
3.293868,251,15097.739475
0.798072,251,15103.342766
4.8277,251,15110.097818
2.586931,251,15117.231559
4.812138,251,15124.13403
2.535644,251,15130.817541
4.432094,251,15137.957988
4.137361,251,15145.00531
4.20183,251,15151.895932
-4.004152,251,15158.898234
3.675882,251,15165.645514
2.736662,251,15172.239265
3.618132,251,15179.239811
3.052168,251,15185.526835
4.842564,251,15192.198711
-1.698872,251,15198.568941
0.624901,251,15205.153558
3.7237,251,15210.442582
-7.677639,251,15217.89571
1.183527,251,15224.301959
-3.998365,251,15231.317584
3.212916,251,15238.042989
-2.331713,251,15244.66799
3.859734,251,15251.074239
-3.661227,251,15258.89736
-6.750897,251,15265.387011
2.42907,251,15271.871382
2.717104,251,15278.68783
4.823222,251,15285.490124
1.598276,251,15292.176433
3.565515,251,15299.366451
-3.235548,251,15306.000802
-2.331584,251,15310.9383
4.26075,251,15317.335418
-7.295926,251,15323.913533
3.851395,251,15330.444786
-2.558468,251,15336.819782
2.96989,251,15343.390892
3.720057,251,15350.291884
3.92822,251,15356.995008
2.646203,251,15363.448668
3.748468,251,15368.831288
2.978336,251,15374.128162
2.378711,251,15379.471922
3.286376,251,15384.800036
4.303229,251,15390.123131
1.959564,251,15395.661866
4.382598,251,15400.833742
-1.142064,251,15406.036877
4.023424,251,15410.512889
2.552701,251,15416.559762
-12.861316,251,15423.059553
2.887748,251,15429.668925
1.486389,251,15435.739962
3.260488,251,15443.169363
0.631564,251,15449.747486
3.544615,251,15456.294368
-1.746348,251,15463.035889
2.848202,251,15469.72339
0.120986,251,15476.676513
1.451333,251,15483.766662
-2.397695,251,15490.211576
1.088305,251,15496.836572
-0.014948,251,15503.336571
3.297188,251,15509.774078
2.603492,251,15514.423332
4.010635,251,15520.188955
3.511247,251,15526.595205
4.137528,251,15533.282704
4.002418,251,15540.305499
-12.47797,251,15546.789871
-4.591261,251,15553.617998
-2.031368,251,15560.336745
4.9917,251,15566.846843
-1.473203,251,15573.503089
3.185315,251,15580.049967
1.20209,251,15586.612466
-1.782913,251,15593.166608
-1.705659,251,15599.728863
-0.771073,251,15606.010122
3.164475,251,15612.650736
2.79781,251,15618.470146
4.546687,251,15623.813897
1.10655,251,15630.548283
3.467081,251,15637.251416
1.089621,251,15643.603388
1.229707,251,15650.220179
4.81861,251,15657.082947
5.244563,251,15663.864198
2.56302,251,15670.543646
4.157525,251,15677.309262
4.423449,251,15684.13739
2.676166,251,15690.871763
1.640128,251,15697.992845
4.764666,251,15704.633471
3.142381,251,15711.352219
2.243589,251,15718.649128
-2.88373,251,15724.362878
2.855222,251,15729.128489
-1.326182,251,15735.503487
1.86107,251,15741.784743
3.315103,251,15748.512403
4.303431,251,15754.918653
5.104651,251,15761.324904
3.087825,251,15767.934278
2.857259,251,15775.124289
3.293248,251,15781.671166
3.898459,251,15788.952418
4.477123,251,15796.593046
4.075452,251,15803.572587
5.248548,251,15810.525712
3.702235,251,15817.400711
0.945095,251,15823.775711
-4.402661,251,15830.332876
4.743169,251,15835.330315
-0.951149,251,15841.299066
5.284078,251,15848.517817
4.148236,251,15855.280915
4.609137,251,15861.843419
3.086952,251,15868.687169
5.589752,251,15875.359044
3.582304,251,15881.897882
-4.355286,251,15888.585382
4.648316,251,15895.24106
5.672426,251,15901.881685
4.172377,251,15908.454382
1.75877,251,15914.923137
4.88465,251,15921.423134
3.464548,251,15928.261717
-6.462594,251,15934.742358
-3.321871,251,15941.289218
2.960784,251,15946.273591
4.663513,251,15953.132282
3.742103,251,15959.944191
4.558466,251,15966.350443
3.01568,251,15972.616065
4.440312,251,15979.386812
3.00139,251,15985.666481
3.007076,251,15992.072716
4.423064,251,15998.353964
4.243126,251,16004.69772
4.788908,251,16011.043481
-1.747307,251,16017.324734
3.251638,251,16023.543479
5.956862,251,16029.981001
-4.466156,251,16036.443329
5.168582,251,16042.849581
3.976608,251,16049.8771
4.022736,251,16056.455227
4.71374,251,16062.307785
4.364573,251,16069.303778
-13.084537,251,16076.7569
4.222711,251,16083.16315
4.18936,251,16089.479246
3.96525,251,16096.479249
4.130452,251,16102.744872
-4.435285,251,16109.588622
-0.043173,251,16115.878404
4.798948,251,16122.393941
3.502933,251,16128.877853
2.084199,251,16135.268478
2.606698,251,16141.608717
4.773986,251,16147.983716
4.918336,251,16154.405592
1.698333,251,16160.796217
3.889298,251,16167.194616
4.656274,251,16172.647741
-4.758283,251,16177.647743
-0.802488,251,16184.491428
-5.130975,251,16191.11017
5.626311,251,16197.64142
1.609037,251,16245.500412
0.476618,251,16252.036191
3.228315,251,16258.668363
4.425446,251,16264.824611
2.747714,251,16271.199614
1.351459,251,16277.402735
-3.588128,251,16283.441577
2.837022,251,16288.379078
0.491902,251,16294.849793
4.309684,251,16301.349793
-5.20987,251,16307.762166
-4.441129,251,16315.30904
-10.575071,251,16321.84029
1.411057,251,16328.293422
2.017701,251,16334.725385
4.538767,251,16341.11601
0.649263,251,16347.741014
3.183797,251,16354.08375
-1.091335,251,16360.685122
2.657308,251,16367.388231
3.278225,251,16375.856981
-0.68528,251,16383.43511
4.382605,251,16390.297426
3.996438,251,16395.922426
5.245616,251,16401.063054
3.442509,251,16407.448529
2.943437,251,16415.268094
3.367662,251,16421.908726
4.093916,251,16428.127468
2.422808,251,16434.814968
2.023014,251,16441.541883
4.816936,251,16447.745009
-5.507456,251,16454.073136
3.043022,251,16460.370005
5.093776,251,16466.829189
1.384855,251,16473.438562
-2.502365,251,16479.766689
-1.638222,251,16486.204187
3.187686,251,16492.577807
-9.91199,251,16499.702806
2.414102,251,16506.734056
2.018002,251,16513.546554
2.690297,251,16520.039065
1.854975,251,16525.270721
4.750747,251,16530.098846
4.026072,251,16535.020719
3.235522,251,16539.901849
-2.118889,251,16546.104974
-4.39439,251,16552.503893
5.477476,251,16558.925765
2.824364,251,16565.620839
3.873498,251,16572.167708
5.417958,251,16578.7196
1.158311,251,16585.297724
4.085755,251,16591.898583
3.847261,251,16598.632972
3.801052,251,16605.382959
3.963717,251,16612.476708
4.140812,251,16619.674163
3.633615,251,16626.158537
4.164818,251,16632.70541
3.943273,251,16639.018849
4.534962,251,16645.604405
4.673132,251,16651.573161
4.721318,251,16656.416907
-1.78639,251,16663.010656
6.521377,251,16669.364477
1.891942,251,16676.411348
-1.119578,251,16683.434274
3.612983,251,16690.012401
5.627047,251,16696.743057
5.296697,251,16703.477429
3.874719,251,16710.149309
4.299277,251,16716.602431
-2.397416,251,16722.96975
4.880031,251,16729.516626
1.487941,251,16735.954127
-3.056252,251,16742.876001
5.372649,251,16749.30851
4.347922,251,16755.86579
2.383588,251,16762.318907
4.060046,251,16767.912656
-0.958839,251,16773.06075
2.68672,251,16779.24825
5.055626,251,16785.685756
-0.406374,251,16791.935755
4.7593,251,16798.271751
3.69584,251,16804.724874
4.827878,251,16811.144861
-2.943378,251,16817.51986
0.613037,251,16823.527909
-2.337199,251,16830.027912
-4.361813,251,16836.231036
-1.513542,251,16842.824788
3.810145,251,16849.706688
4.514013,251,16856.034812
2.93833,251,16862.550436
-9.231135,251,16869.101917
2.473825,251,16875.429756
5.207345,251,16881.273512
-1.391179,251,16885.820381
-10.846359,251,16892.273505
5.100876,251,16898.593883
3.094971,251,16904.984503
4.209286,251,16911.328256
5.214659,251,16917.859503
4.029418,251,16924.506524
3.078151,251,16930.959647
3.608908,251,16937.428428
4.66933,251,16943.95965
5.15434,251,16950.639536
5.592181,251,16957.202033
6.096398,251,16963.842665
2.535417,251,16970.420787
5.516172,251,16977.43142
4.059536,251,16984.206039
3.208652,251,16990.752912
5.021163,251,16995.940411
3.955934,251,17001.103905
3.208557,251,17007.400777
5.361977,251,17013.838279
3.857067,251,17020.103905
4.950749,251,17026.595721
3.245815,251,17032.939473
4.592097,251,17039.514048
3.27673,251,17045.920294
3.994397,251,17052.841953
-1.416002,251,17059.888828
3.103539,251,17066.310705
1.531479,251,17072.951329
5.651161,251,17079.338239
-14.382531,251,17085.838243
5.461885,251,17092.478866
4.05581,251,17099.21068
-2.126864,251,17105.60922
0.670578,251,17110.359222
-5.377687,251,17116.249845
3.10074,251,17122.656094
2.959957,251,17129.084945
3.496445,251,17135.413069
4.396333,251,17140.888147
4.026475,251,17145.997521
3.917421,251,17151.301785
1.935928,251,17156.50491
1.332672,251,17161.958039
4.722123,251,17167.114292
3.610588,251,17172.544172
5.064592,251,17177.894134
5.830135,251,17183.765111
0.723183,251,17188.426402
4.677979,251,17193.87692
-2.258762,251,17199.216149
-9.352594,251,17204.669277
4.162377,251,17209.450525
3.271356,251,17212.989721
3.744678,251,17217.349099
5.110141,251,17222.349089
-14.962107,251,17227.614714
0.977649,251,17232.545725
4.346127,251,17237.561346
-5.1221,251,17242.48322
-5.02676,251,17247.436347
3.457984,251,17252.382112
4.325345,251,17257.257109
-1.025518,251,17262.178984
6.160561,251,17267.007107
4.614876,251,17271.999246
3.120628,251,17277.077376
4.19594,251,17282.061753
4.435369,251,17286.968005
3.902357,251,17292.007863
5.558146,251,17296.94536
5.528116,251,17301.835984
-2.809943,251,17306.210984
-7.674122,251,17309.875873
-7.603717,251,17315.141764
-3.810862,251,17320.048011
2.648472,251,17324.891773
-3.684417,251,17329.946848
4.173306,251,17334.915598
6.079334,251,17339.946847
-5.696228,251,17345.337602
4.94596,251,17350.360497
3.961574,251,17355.793456
-4.540752,251,17360.809074
2.880508,251,17366.31158
-6.107206,251,17371.273542
-1.924811,251,17376.773168
5.333539,251,17381.69504
3.644313,251,17387.128326
3.691907,251,17392.328058
2.299294,251,17397.594699
2.167411,251,17402.782209
3.562376,251,17406.487848
1.879993,251,17410.80752
-3.377339,251,17416.042369
3.326625,251,17420.948625
-6.705058,251,17426.252325
-0.150458,251,17431.354884
4.256902,251,17436.261132
-0.233247,251,17441.183006
4.885239,251,17446.189458
-3.051611,251,17451.195597
0.454816,251,17456.133098
-3.079907,251,17461.304969
-11.179679,251,17466.336221
4.78603,251,17471.484643
4.903454,251,17476.578393
2.932766,251,17482.359644
-1.504086,251,17487.687771
0.915676,251,17493.260091
-1.250755,251,17498.697046
4.703871,251,17502.900167
-3.101374,251,17506.790792
4.223361,251,17512.871991
-1.297674,251,17518.184492
3.36837,251,17523.246992
-2.636117,251,17528.137621
5.006777,251,17533.194733
-2.149665,251,17538.210357
2.650711,251,17543.460356
2.368929,251,17548.686939
4.134153,251,17553.821208
0.611412,251,17558.774332
5.593789,251,17563.696208
-3.627301,251,17569.010799
4.133262,251,17574.143449
-2.563982,251,17579.34658
5.050022,251,17584.580868
0.559172,251,17589.565238
0.515696,251,17594.862834
3.354975,251,17599.644084
-1.6709,251,17603.420845
2.941433,251,17607.733342
3.718679,251,17612.835628
2.863628,251,17617.889725
2.13302,251,17622.983475
3.458963,251,17627.970735
1.42739,251,17633.244658
-3.97064,251,17638.426027
-2.432673,251,17644.303995
1.093831,251,17649.272747
1.623225,251,17654.667324
0.370647,251,17659.557947
4.001726,251,17664.757973
5.417661,251,17669.898596
-2.340432,251,17675.600698
2.003777,251,17680.522573
3.137418,251,17685.460073
4.556276,251,17690.288201
3.218024,251,17695.233922
-7.362368,251,17699.312051
-5.761792,251,17703.546425
3.471302,251,17708.327669
-1.50755,251,17713.913107
-10.10288,251,17719.397485
2.435222,251,17725.022482
-2.56897,251,17730.850606
3.110797,251,17736.124284
3.2798,251,17741.202416
-8.418328,251,17746.280537
-12.800809,251,17752.046167
-5.53564,251,17757.165979
-16.512793,251,17762.603478
-9.602042,251,17767.994107
-4.551697,251,17773.603483
2.431771,251,17779.080151
-2.949673,251,17784.080172
4.809531,251,17789.345771
-5.324991,251,17793.517648
-11.966695,251,17797.63551
-2.836504,251,17803.057382
-1.959771,251,17808.541757
-5.604981,251,17814.010507
-3.407771,251,17819.614175
1.803007,251,17825.489188
-4.212486,251,17831.864178
-0.485279,251,17838.14544
3.090508,251,17844.85722
4.090435,251,17853.861284
0.958224,251,17862.642633
-1.759136,251,17868.486376
3.934962,251,17873.636186
5.224404,251,17878.917427
-3.024232,251,17885.265242
4.022206,251,17890.327744
-2.827526,251,17895.71101
-0.353136,251,17899.695394
-4.729023,251,17903.695387
-2.630537,251,17909.562121
-3.661822,251,17915.643837
0.136095,251,17920.534456
2.767433,251,17925.810952
-3.200518,251,17930.857827
5.0855,251,17936.240277
2.219509,251,17941.380918
4.077167,251,17946.783519
3.480268,251,17951.767873
-0.435699,251,17957.180995
-5.898953,251,17962.196621
5.090743,251,17967.409263
-1.036348,251,17972.284253
-1.395671,251,17977.438536
-2.468792,251,17982.86041
-7.904815,251,17988.800308
-9.40899,251,17994.621511
-0.627575,251,17999.05495
0.745531,251,18002.773695
-2.498068,251,18007.695569
-1.75336,251,18012.5862
0.418044,251,18017.454027
6.187819,251,18022.282155
3.356791,251,18027.282153
3.498883,251,18032.219652
0.360553,251,18037.132941
3.580683,251,18042.148571
0.504006,251,18047.09499
0.699994,251,18052.032492
-3.591755,251,18057.542159
5.336449,251,18062.589029
-0.260689,251,18067.510904
1.225026,251,18072.495279
3.486155,251,18077.475894
5.512047,251,18082.382151
-1.366437,251,18087.288395
1.00205,251,18092.272773
-0.465744,251,18095.948375
0.585178,251,18100.151517
-2.54527,251,18105.026499
3.56419,251,18109.885882
-2.169498,251,18114.809005
2.038534,251,18119.809005
-6.720831,251,18124.559003
-1.857328,251,18129.340254
-7.974247,251,18134.163334
5.077184,251,18139.08521
-6.660589,251,18144.444589
2.006883,251,18149.397715
-4.426212,251,18154.531086
5.727434,251,18159.54671
-7.134214,251,18164.781087
-1.693495,251,18170.64046
2.939048,251,18175.867017
6.438177,251,18181.288889
4.464855,251,18186.367018
4.448688,251,18190.382644
1.814975,251,18194.362952
1.8304,251,18199.456704
5.517797,251,18204.550452
1.633522,251,18209.534827
-6.225223,251,18214.496251
0.112263,251,18219.293123
-3.948179,251,18224.121245
-4.374195,251,18229.011875
0.505909,251,18233.953762
5.676523,251,18239.016264
0.509387,251,18243.860014
2.014117,251,18248.625638
1.788749,251,18253.430542
3.664693,251,18258.352411
4.02657,251,18263.258661
4.74774,251,18268.352411
0.706549,251,18273.252191
5.546528,251,18278.142808
2.154985,251,18283.002184
4.933095,251,18286.767813
-1.351027,251,18290.759249
0.070941,251,18295.774889
-0.602898,251,18300.759248
6.700004,251,18305.634249
-3.500037,251,18310.784764
0.773563,251,18315.894135
-2.852336,251,18321.48789
-5.424277,251,18327.441014
-4.910615,251,18332.949651
-6.252961,251,18338.590276
3.466286,251,18343.996522
-8.041027,251,18349.199647
2.57411,251,18354.459474
0.854925,251,18360.068857
-5.311692,251,18365.334478
-2.948429,251,18370.771971
-4.002269,251,18376.423475
-4.364208,251,18380.657851
-1.975214,251,18385.001605
-7.799349,251,18390.5641
-7.854109,251,18395.806869
-8.186465,251,18401.134994
4.427912,251,18406.509997
-9.031729,251,18412.541245
-1.901317,251,18418.518684
-17.20881,251,18423.721821
0.444829,251,18428.784305
-0.571697,251,18434.70618
-2.068556,251,18439.980274
-4.311307,251,18445.120905
2.212729,251,18450.277145
-8.377046,251,18455.589644
-5.93349,251,18488.142252
-6.188796,251,18493.32975
0.989872,251,18498.564126
-3.918873,251,18503.642254
0.814321,251,18509.026508
-10.117922,251,18513.714002
-2.564217,251,18518.870253
-2.796477,251,18524.135885
4.855239,251,18529.64362
-1.203835,251,18534.924878
-0.68625,251,18540.393622
-3.276236,251,18545.799873
-2.978127,251,18551.120591
-6.078198,251,18556.729957
-4.550465,251,18562.026847
-1.731667,251,18567.198714
0.218809,251,18571.065639
3.117585,251,18575.72189
-12.006064,251,18580.86252
-1.140925,251,18586.221892
3.124903,251,18591.47987
-4.036331,251,18596.573627
0.892261,251,18602.011122
-1.248098,251,18607.432992
2.832583,251,18612.800259
0.552805,251,18618.190884
3.008904,251,18623.487758
-1.341241,251,18629.081515
-1.460508,251,18634.670154
1.841252,251,18640.123282
1.659409,251,18645.458501
-6.144741,251,18652.056526
-11.079773,251,18657.345843
-13.090469,251,18662.283341
-6.765908,251,18666.080216
-9.142457,251,18671.252095
1.786282,251,18676.869231
-9.278271,251,18681.994231
-1.275168,251,18686.994234
-0.281994,251,18692.072359
2.493995,251,18697.25376
0.920651,251,18702.378766
-6.28267,251,18707.331887
-11.461221,251,18712.300645
-3.549991,251,18717.324911
-7.282574,251,18722.184274
0.184494,251,18727.121774
-5.663053,251,18732.496772
1.748021,251,18737.348987
-1.342651,251,18742.45836
-3.030445,251,18748.083361
0.987943,251,18753.583357
2.353307,251,18758.559636
2.467656,251,18762.575267
-1.453313,251,18766.731513
-4.881295,251,18772.387759
-1.214964,251,18777.738342
-2.733674,251,18783.207092
5.739423,251,18789.504157
0.227388,251,18797.44097
0.052485,251,18803.259613
3.432343,251,18808.772649
-0.65373,251,18814.953531
-3.466816,251,18820.304123
2.511345,251,18828.919744
-0.489164,251,18834.87976
3.101627,251,18841.383459
-10.329066,251,18846.993192
-1.221886,251,18852.204382
-3.538767,251,18857.204386
-11.445521,251,18861.782511
2.370903,251,18866.423136
-11.090337,251,18870.508867
-11.48185,251,18875.618177
-3.963324,251,18881.275101
-5.315023,251,18886.415725
-9.486779,251,18892.629711
2.548447,251,18897.629711
3.09758,251,18903.356859
-2.668687,251,18908.356857
-11.977943,251,18914.254572
0.151037,251,18919.473322
-8.971792,251,18924.837754
-7.497597,251,18929.962757
2.759481,251,18935.613971
0.088303,251,18940.832719
-1.183757,251,18945.6296
-10.552265,251,18950.520223
-1.009691,251,18955.138545
4.954846,251,18960.326042
2.674703,251,18965.060421
4.42244,251,18968.669796
3.437553,251,18972.848616
-2.890543,251,18977.582991
4.069231,251,18982.270489
4.529703,251,18987.067358
-9.344759,251,18992.011719
-1.566924,251,18996.746092
-11.131607,251,19001.386717
3.709819,251,19006.167965
-4.101799,251,19010.79757
1.753566,251,19015.57882
4.172804,251,19020.625695
-0.761215,251,19025.438199
2.788888,251,19030.275315
2.904773,251,19035.150317
3.680148,251,19039.994064
7.012809,251,19044.86907
-1.804533,251,19049.799079
2.393137,251,19054.705331
-2.877253,251,19059.658461
2.237319,251,19064.080336
4.323588,251,19067.681494
3.251292,251,19072.525235
1.800842,251,19077.634612
-0.406077,251,19082.759616
3.790657,251,19087.795608
1.045282,251,19092.889352
4.520109,251,19097.873726
2.64015,251,19102.84248
2.977771,251,19108.02202
-1.458806,251,19112.897011
-1.294884,251,19117.850136
0.969883,251,19122.631385
3.362668,251,19127.593049
4.646792,251,19132.577423
4.780255,251,19137.546173
5.254286,251,19142.827422
4.330426,251,19147.897677
4.874576,251,19152.897683
-7.398027,251,19157.960176
-0.384775,251,19161.960179
4.45693,251,19165.857697
3.607651,251,19170.842072
4.671247,251,19175.68582
3.982074,251,19180.607696
3.742523,251,19185.569654
4.335621,251,19190.397779
6.038118,251,19195.366529
-2.926849,251,19200.991531
-4.170751,251,19206.749599
-0.749086,251,19211.65585
-1.496047,251,19216.515231
-15.366546,251,19221.530849
-4.645234,251,19226.429981
3.990344,251,19231.39874
3.759472,251,19236.289359
4.382651,251,19241.195611
5.159781,251,19246.152337
-5.340134,251,19251.874631
-2.907032,251,19256.046512
3.294503,251,19259.70276
3.999663,251,19264.491859
-1.813466,251,19269.538737
4.230843,251,19274.444991
3.103006,251,19279.351241
-2.903905,251,19284.531981
-11.066173,251,19289.453859
0.590325,251,19295.156979
4.514219,251,19300.15698
5.483089,251,19305.088437
3.494525,251,19310.68219
5.972498,251,19315.900937
1.904659,251,19321.150944
5.221001,251,19326.376346
1.704399,251,19331.157611
3.161292,251,19336.376344
-8.132873,251,19341.48572
5.643542,251,19346.197162
0.685079,251,19350.775294
3.565824,251,19354.353417
3.400895,251,19358.759668
-1.3951,251,19363.658809
4.734135,251,19368.518192
1.627286,251,19373.565054
5.468819,251,19378.518178
4.661474,251,19383.730574
3.595858,251,19388.511823
3.680339,251,19393.558697
-3.664113,251,19399.261823
-7.595333,251,19404.42534
2.683762,251,19409.331592
2.588332,251,19414.31597
0.926024,251,19419.159714
0.521947,251,19424.012804
4.994527,251,19429.02844
4.492462,251,19434.044052
-0.154692,251,19439.106558
4.620726,251,19444.261326
5.820594,251,19448.370701
4.754587,251,19452.026947
2.971647,251,19456.808197
2.862694,251,19461.676714
-4.811082,251,19466.504835
-6.62828,251,19471.473586
3.527019,251,19476.286089
3.691006,251,19481.137892
3.506139,251,19486.18477
1.054815,251,19491.247268
-5.511432,251,19496.88789
1.604059,251,19502.067907
-1.704123,251,19507.005405
3.707346,251,19512.021031
1.435953,251,19516.849161
5.276313,251,19521.809878
3.779863,251,19526.747363
5.632326,251,19531.622364
3.988596,251,19536.434859
-0.96819,251,19541.335071
4.715771,251,19545.381946
3.697045,251,19549.350693
2.699274,251,19554.194449
5.025672,251,19559.279751
-0.237062,251,19564.232873
-4.466315,251,19569.467253
2.105426,251,19574.435998
1.9807,251,19579.461179
4.996396,251,19584.304928
4.304347,251,19589.351803
4.678576,251,19594.17993
2.018874,251,19599.063293
2.27751,251,19603.922675
4.788598,251,19609.485167
4.579978,251,19614.563295
0.149806,251,19620.023674
-4.955515,251,19625.758019
-3.652822,251,19631.539274
1.92229,251,19636.883024
-2.667844,251,19641.42381
4.531941,251,19645.736307
0.739476,251,19650.798808
-8.294691,251,19655.955058
-0.421491,251,19660.994113
-4.627087,251,19666.212864
0.353892,251,19671.38474
-5.4501,251,19676.681617
-11.635879,251,19682.158961
-14.005497,251,19687.424585
5.81676,251,19692.377712
-6.075807,251,19697.33084
3.891397,251,19702.294681
1.549079,251,19707.59155
-2.253739,251,19712.685302
0.903384,251,19717.779053
-16.870846,251,19722.850669
2.349501,251,19728.022541
-4.182971,251,19733.413167
-1.64325,251,19738.147542
-7.131017,251,19741.967285
1.704911,251,19746.920408
3.096177,251,19752.295408
3.963228,251,19757.357919
3.061853,251,19762.723881
-3.176225,251,19767.927006
-1.702894,251,19773.270755
-8.038149,251,19778.677004
-9.18718,251,19784.263827
-7.097149,251,19789.482574
-5.583045,251,19794.701329
-0.076918,251,19799.763825
5.563949,251,19804.804631
1.648748,251,19810.066409
2.365536,251,19816.286444
-5.29356,251,19821.375511
-5.560567,251,19826.651447
-3.355252,251,19831.999909
4.065001,251,19836.708786
6.473621,251,19840.353658
4.687719,251,19847.824278
4.964146,251,19855.072606
4.103879,251,19861.509453
3.436532,251,19867.294474
-2.400575,251,19873.328705
5.058003,251,19878.655128
1.671883,251,19883.028047
-10.959295,251,19887.7061
-5.143598,251,19892.959418
1.530232,251,19898.113493
2.953465,251,19902.729953
-12.521753,251,19907.515239
5.665753,251,19912.461367
-9.907731,251,19917.433861
-0.853898,251,19923.50682
0.092699,251,19927.733289
2.655215,251,19931.43033
-12.436694,251,19935.14715
4.601421,251,19938.820307
3.723835,251,19942.558979
1.531174,251,19946.45592
-1.913093,251,19956.18582
-5.700797,251,19961.790406
0.638292,251,19966.471785
-4.39286,251,19973.11044
4.283537,251,19978.003582
3.095354,251,19982.722348
4.151283,251,19987.102551
2.503399,251,19990.970256
-2.562655,251,19995.081493
5.147799,251,20000.364151
-1.055476,251,20005.30996
-4.285905,251,20009.37742
-5.370444,251,20013.932243
6.47949,251,20019.050565
-10.332071,251,20024.824553
1.090212,251,20030.650666
0.934141,251,20036.697503
1.769546,251,20042.011698
6.993807,251,20046.8108
-12.411863,251,20051.651124
4.672166,251,20055.572254
4.942766,251,20059.11906
4.965644,251,20063.093331
-6.45554,251,20067.243525
2.623115,251,20071.254889
2.205404,251,20075.20789
-6.485391,251,20079.438011
3.246563,251,20083.468776
-0.856379,251,20087.954152
-0.712643,251,20093.027975
5.848121,251,20098.31826
-2.788219,251,20102.106304
-1.897666,251,20105.669875
-1.583449,251,20109.320629
-13.757928,251,20112.899189
3.795222,251,20118.18065
2.785635,251,20123.736296
-1.530719,251,20129.953238
0.71783,251,20135.106199
-1.541374,251,20139.654805
-3.623496,251,20144.53004
-0.237805,251,20149.952798
-2.125965,251,20156.131898
0.393235,251,20162.271322
-11.60135,251,20167.435967
1.326134,251,20172.632761
3.450545,251,20178.347537
2.726684,251,20184.157814
-5.528536,251,20190.253042
3.301596,251,20194.97128
5.495668,251,20200.693521
4.134647,251,20206.075197
-3.422405,251,20211.605302
-9.01522,251,20216.278285
1.895018,251,20220.693875
4.529501,251,20225.654433
1.302193,251,20230.85736
5.285114,251,20236.184236
2.544457,251,20242.424675
2.674326,251,20248.525759
3.577726,251,20254.099521
5.790986,251,20258.839565
3.861121,251,20263.670658
-3.948418,251,20268.331085
-4.484065,251,20273.404884
-12.456327,251,20279.003281
-5.023297,251,20283.876035
5.066152,251,20288.831032
3.463025,251,20294.023359
0.269858,251,20299.68113
0.623899,251,20306.215845
1.939059,251,20311.512258
1.901138,251,20317.129364
4.091287,251,20322.715386
4.069269,251,20327.978986
-10.378034,251,20333.8584
4.09988,251,20339.877199
4.818103,251,20344.909421
3.595815,251,20349.893796
-1.173136,251,20354.901563
4.491827,251,20359.854689
2.174688,251,20365.984549
3.936489,251,20373.268971
-5.745974,251,20378.980578
0.204704,251,20383.147421
1.354747,251,20387.081662
2.873504,251,20390.999453
-0.879437,251,20395.182789
4.118264,251,20400.297314
-3.325094,251,20404.93557
-3.485782,251,20409.855738
1.477991,251,20415.767467
5.324397,251,20421.604436
1.191279,251,20427.888443
1.405714,251,20434.023436
0.790976,251,20439.599364
4.086999,251,20446.537045
-2.435859,251,20453.22656
-3.03163,251,20458.528087
-0.211885,251,20463.67419
4.266442,251,20468.736629
4.574755,251,20473.705684
4.520207,251,20477.874377
-3.574785,251,20481.959832
-1.915798,251,20488.166304
2.88402,251,20493.405004
1.847258,251,20498.819215
5.164241,251,20504.472018
0.807685,251,20511.723497
0.684061,251,20519.703029
-6.171579,251,20553.657408
4.940415,251,20563.561863
